event_id,label,artist_name,event_name,venue_name,city,state_code,show_date,is_bay_area,n_snapshots,n_interest,n_youtube,anchor_price,fcst_today,fcst_showdate,drift_pct,showcase,yt_subs
rZ7HnEZ1AfPJGN,"Bingo Loco — San Jose Improv, San Jose ($37 fcst $37→)",Bingo Loco,Bingo Loco,San Jose Improv,San Jose,CA,2026-09-04,True,56,46,51,37.17,37.17,36.603883286724056,-0.015,flat,2320.0
rZ7HnEZ1AfPJGS,"Bingo Loco — San Jose Improv, San Jose ($37 fcst $37→)",Bingo Loco,Bingo Loco,San Jose Improv,San Jose,CA,2026-09-04,True,56,46,51,37.17,37.17,36.603883286724056,-0.015,flat,2320.0
rZ7HnEZ1Af00jd,"Everclear — The Independent, San Francisco ($136 fcst $131→)",Everclear,Everclear with American Hi-Fi,The Independent,San Francisco,CA,2026-10-24,True,56,45,50,136.05,136.05,131.46947684819668,-0.034,flat,114000.0
rZ7HnEZ1AfP6oN,"Rolling Quartz — Crybaby, Oakland ($37 fcst $37→)",Rolling Quartz,ROLLING QUARTZ [MY TURN] 2026 TOUR in Oakland,Crybaby,Oakland,CA,2026-09-17,True,56,40,50,37.29,37.29,37.315053050204924,0.001,flat,822000.0
rZ7HnEZ1Af0I7d,"Nonpoint — The Ritz, San Jose ($37 fcst $36→)",Nonpoint,"Nonpoint, Spineshank",The Ritz,San Jose,CA,2026-08-26,True,56,36,39,36.75,36.75,36.04589982726022,-0.019,flat,131000.0
rZ7HnEZ1Af-seK,"Emei — Bimbo's 365 Club, San Francisco ($143 fcst $144→)",Emei,Emei,Bimbo's 365 Club,San Francisco,CA,2026-09-30,True,56,39,35,142.66,142.66,144.41468880131873,0.012,flat,788000.0
rZ7HnEZ1Af0FGd,"This Is Lorelei — The Independent, San Francisco ($32 fcst $32→)",This Is Lorelei,This is Lorelei,The Independent,San Francisco,CA,2026-10-16,True,56,39,35,31.55,31.55,31.781096243061736,0.007,flat,2340.0
rZ7HnEZ1Af-8jN,"Matthew West — Church on the Hill, San Jose ($28 fcst $28→)",Matthew West,"Matthew West: Jesus Is King Tour - San Jose, CA",Church on the Hill,San Jose,CA,2026-09-29,True,56,38,35,27.62,27.62,28.410076955027026,0.029,flat,694000.0
rZ7HnEZ1Af084K,"Carbon Leaf — Brick and Mortar Music Hall, San Francisco ($39 fcst $37→)",Carbon Leaf,Carbon Leaf,Brick and Mortar Music Hall,San Francisco,CA,2026-10-01,True,56,39,34,38.91,38.91,37.21503003418225,-0.044,flat,11000.0
rZ7HnEZ1AfPFaK,"Lauren Sanderson — Cafe Du Nord, San Francisco ($129 fcst $127→)",Lauren Sanderson,LAUREN SANDERSON - COME SAY SUM TOUR,Cafe Du Nord,San Francisco,CA,2026-09-20,True,56,38,34,129.24,129.24,126.72066117860702,-0.019,flat,174000.0
rZ7HnEZ1Af04Cd,"Anthony Green — The Ritz, San Jose ($37 fcst $37→)",Anthony Green,"Anthony Green, Geoff Rickly, Keith Goodwin",The Ritz,San Jose,CA,2026-08-07,True,55,36,36,36.75,36.75,36.75,0.0,flat,45600.0
rZ7HnEZ1AfP3FS,"MARIS — Cafe Du Nord, San Francisco ($30 fcst $29→)",MARIS,MARIS,Cafe Du Nord,San Francisco,CA,2026-11-13,True,56,39,33,30.36,30.36,29.346741518928845,-0.033,flat,40500.0
rZ7HnEZ1Af-MbK,"Pertinence — Cafe Du Nord, San Francisco ($30 fcst $29→)",Pertinence,Pertinence,Cafe Du Nord,San Francisco,CA,2026-10-18,True,56,38,34,30.36,30.359999999999996,29.3604629540867,-0.033,flat,22700.0
rZ7HnEZ1Afx6kK,"All Shall Perish — The Ritz, San Jose ($42 fcst $43→)",All Shall Perish,"All Shall Perish, Carnifex, Extermination Dismemberment, Mauled",The Ritz,San Jose,CA,2026-10-03,True,56,38,33,41.9,41.9,43.037243336847,0.027,flat,29700.0
rZ7HnEZ1AfxK0N,"Elder — The Ritz, San Jose ($37 fcst $36→)",Elder,"Elder, Blackwater Holylight",The Ritz,San Jose,CA,2026-09-19,True,56,38,33,36.75,36.75,35.82256397171769,-0.025,flat,27700.0
rZ7HnEZ1Afq-AN,"Powerman 5000 — The Ritz, San Jose ($31 fcst $31→)",Powerman 5000,"Powerman 5000, Makes My Blood Dance, Ikki Crane",The Ritz,San Jose,CA,2026-09-11,True,56,37,32,31.34,31.340000000000003,30.597983391985416,-0.024,flat,144000.0
rZ7HnEZ1Af0d8S,"Pokey LaFarge — Bimbo's 365 Club, San Francisco ($46 fcst $46→)",Pokey LaFarge,Pokey LaFarge,Bimbo's 365 Club,San Francisco,CA,2026-12-16,True,47,36,33,46.36,46.36,45.92410727121127,-0.009,flat,61700.0
rZ7HnEZ1AfP0jd,"Dana and Alden — The Independent, San Francisco ($32 fcst $33→)",Dana and Alden,Dana and Alden,The Independent,San Francisco,CA,2026-09-22,True,56,35,34,31.55,31.55,32.93765464515096,0.044,flat,11300.0
rZ7HnEZ1Afx68K,"Dave Hause & The Mermaid — Cafe Du Nord, San Francisco ($28 fcst $27→)",Dave Hause & The Mermaid,Dave Hause and The Mermaid,Cafe Du Nord,San Francisco,CA,2026-11-05,True,56,36,32,28.3,28.300000000000004,26.934788820363146,-0.048,flat,8210.0
rZ7HnEZ1AfqaqN,"Greg Mendez — The Independent, San Francisco ($27 fcst $26→)",Greg Mendez,Greg Mendez,The Independent,San Francisco,CA,2026-08-12,True,56,34,32,26.55,26.55,26.191398790217384,-0.014,flat,1190.0
rZ7HnEZ1Af06CK,"REZN — Brick and Mortar Music Hall, San Francisco ($28 fcst $27→)",REZN,REZN + lowheaven + Mountaineer,Brick and Mortar Music Hall,San Francisco,CA,2026-10-23,True,56,33,32,27.58,27.58,26.91177361348134,-0.024,flat,4990.0
rZ7HnEZ1AfOsOd,"Hammerfall — The Ritz, San Jose ($37 fcst $37→)",Hammerfall,"Hammerfall, Evergrey, Elvenking",The Ritz,San Jose,CA,2026-10-04,True,56,26,33,36.75,36.75,37.12672102059692,0.01,flat,108000.0
rZ7HnEZ1AfaoGV,"Galactic Empire — Neck of the Woods, San Francisco ($27 fcst $27→)",Galactic Empire,Galactic Empire,Neck of the Woods,San Francisco,CA,2026-10-01,True,30,29,29,26.93,26.93,27.455746573874883,0.02,flat,21500.0
rZ7HnEZ1AfFaaf,"Cardinal Bloom — Brick and Mortar Music Hall, San Francisco ($25 fcst $25→)",Cardinal Bloom,Cardinal Bloom,Brick and Mortar Music Hall,San Francisco,CA,2026-11-01,True,40,25,33,25.0,25.0,24.60986835351157,-0.016,flat,2220.0
rZ7HnEZ1Af09PK,"Dent May — Cafe Du Nord, San Francisco ($28 fcst $28→)",Dent May,Dent May with Healing Potpourri,Cafe Du Nord,San Francisco,CA,2026-09-12,True,56,17,31,28.3,28.3,27.83038334129128,-0.017,flat,5430.0
rZ7HnEZ1Afa8_V,"Token — Cafe Du Nord, San Francisco ($28 fcst $29→)",Token,Token - I’m Leaving Soon Tour with Clark D,Cafe Du Nord,San Francisco,CA,2026-11-01,True,26,21,25,28.3,28.3,29.34268413843144,0.037,flat,1160000.0
rZ7HnEZ1AfJA4d,"Silverada — The Independent, San Francisco ($32 fcst $30→)",Silverada,Silverada,The Independent,San Francisco,CA,2026-11-17,True,51,13,32,31.55,31.550000000000004,30.085489789157464,-0.046,flat,14800.0
rZ7HnEZ1AfZ4P0,"Diggy Graves — The Independent, San Francisco ($32 fcst $32→)",Diggy Graves,Diggy Graves,The Independent,San Francisco,CA,2026-07-25,True,42,20,20,31.55,31.55,31.55,0.0,flat,333000.0
rZ7HnEZ1Afa7O7,"Suicide Silence — The Ritz, San Jose ($263 fcst $263→)",Suicide Silence,"Suicide Silence, Emmure, AngelMaker, Synestia",The Ritz,San Jose,CA,2026-12-12,True,19,17,18,263.35,263.35,262.53034861679714,-0.003,flat,379000.0
rZ7HnEZ1AfOw8N,"Vacation Manor — Cafe Du Nord, San Francisco ($28 fcst $28→)",Vacation Manor,"Vacation Manor with Jettee, and Nolen Durham",Cafe Du Nord,San Francisco,CA,2026-07-19,True,36,12,14,28.3,28.300000000000004,28.300000000000004,0.0,flat,7170.0
rZ7HnEZ1AfPO_S,"veggi — The Independent, San Francisco ($34 fcst $34→)",veggi,bad tuner x veggi,The Independent,San Francisco,CA,2026-07-17,True,34,8,13,34.05,34.05,34.05,0.0,flat,935000.0
rZ7HnEZ1Af-P_K,"Turnover — The Ritz, San Jose ($263 fcst $261→)",Turnover,"Turnover, She's Green",The Ritz,San Jose,CA,2026-07-04,True,24,10,10,263.35,263.35,261.31079037887366,-0.008,flat,24100.0
rZ7HnEZ1AfxZbN,"Belmont — The Ritz, San Jose ($263 fcst $263→)",Belmont,"Belmont, Major League, Spite House, All In Ur Head",The Ritz,San Jose,CA,2026-07-11,True,28,10,7,263.35,263.35,263.35,0.0,flat,6070.0
rZ7HnEZ1Af7_j0,"High Fade — The Independent, San Francisco ($27 fcst $27→)",High Fade,High Fade,The Independent,San Francisco,CA,2026-07-08,True,25,7,2,26.55,26.549999999999997,26.549999999999997,-0.0,flat,83400.0
rZ7HnEZ1A4ZFaN,"Cult Member — Brick and Mortar Music Hall, San Francisco ($36 fcst $35→)",Cult Member,Cult Member,Brick and Mortar Music Hall,San Francisco,CA,2026-09-19,True,4,1,3,35.72,35.72,34.71161715306948,-0.028,flat,359.0
rZ7HnEZ1AfPtkd,"Bingo Loco — Crybaby, Oakland ($1 fcst $1↑)",Bingo Loco,DAYSHIFT - The 30+ Daytime Party!,Crybaby,Oakland,CA,2026-10-17,True,56,46,51,1.0,1.0,1.1244635785471946,0.124,rising,2320.0
rZ7HnEZ1AfOpbN,"Sub Urban — Cafe Du Nord, San Francisco ($33 fcst $36↑)",Sub Urban,Sub Urban - The Bell Tolls Tour with Golden Cats,Cafe Du Nord,San Francisco,CA,2026-09-13,True,56,38,35,33.45,33.45,35.73006921890655,0.068,rising,6430000.0
rZ7HnEZ1AfPbZK,"Red Leather — The Independent, San Francisco ($34 fcst $37↑)",Red Leather,WesGhost & Red Leather,The Independent,San Francisco,CA,2026-09-24,True,56,33,34,34.05,34.05,36.614526825834034,0.075,rising,473000.0
rZ7HnEZ1AfFIf0,"Vox Rea — The Independent, San Francisco ($69 fcst $82↑)",Vox Rea,New Constellations,The Independent,San Francisco,CA,2026-10-19,True,32,32,31,68.55,68.55,81.86482557377312,0.194,rising,1500.0
rZ7HnEZ1AfPMOS,"Kevin Atwater — The Independent, San Francisco ($32 fcst $36↑)",Kevin Atwater,Kevin Atwater,The Independent,San Francisco,CA,2026-09-09,True,56,25,32,31.55,31.55,36.137470644351815,0.145,rising,18300.0
rZ7HnEZ1Afx8Fd,"DWLLRS — Cafe Du Nord, San Francisco ($28 fcst $31↑)",DWLLRS,DWLLRS: One of Those Nights Tour with thebandfriday,Cafe Du Nord,San Francisco,CA,2026-08-21,True,56,18,33,28.3,28.300000000000004,30.529864200358936,0.079,rising,19100.0
rZ7HnEZ1Af0vrd,"Arrows In Action — Cafe Du Nord, San Francisco ($33 fcst $28↓)",Arrows In Action,"Arrows in Action – I Think We've Toured Here Before // [SF, CA]",Cafe Du Nord,San Francisco,CA,2026-10-06,True,56,35,46,33.45,33.45,27.54705688168606,-0.176,falling,39400.0
rZ7HnEZ1AfqS3K,"Slow Magic — Cafe Du Nord, San Francisco ($33 fcst $29↓)",Slow Magic,Slow Magic with Artemis Orion,Cafe Du Nord,San Francisco,CA,2026-09-25,True,56,39,35,33.45,33.45,28.818189945432955,-0.138,falling,10600.0
rZ7HnEZ1AfFF-V,"Hail the Sun — The Ritz, San Jose ($39 fcst $37↓)",Hail the Sun,"Hail The Sun, A Lot Like Birds, Blight Town, Murals",The Ritz,San Jose,CA,2026-09-09,True,43,38,34,39.32,39.32,36.99093071877706,-0.059,falling,36600.0
rZ7HnEZ1Afx6vN,"Wednesday 13 — The Ritz, San Jose ($31 fcst $28↓)",Wednesday 13,"Wednesday 13, Dead on a Sunday, Above Snakes",The Ritz,San Jose,CA,2026-09-23,True,56,38,34,31.34,31.340000000000003,28.29311673226745,-0.097,falling,31400.0
rZ7HnEZ1Af0o4K,"Revocation — The Ritz, San Jose ($29 fcst $27↓)",Revocation,"Revocation, Defeated Sanity, Fuming Mouth, Weeping",The Ritz,San Jose,CA,2026-09-25,True,56,38,33,28.77,28.769999999999996,26.76202606884079,-0.07,falling,22500.0
rZ7HnEZ1AfPIfK,"Sassy 009 — Brick and Mortar Music Hall, San Francisco ($30 fcst $28↓)",Sassy 009,"Blue Light with Sassy 009, Swordes, & Tricky FM",Brick and Mortar Music Hall,San Francisco,CA,2026-11-04,True,56,36,35,29.54,29.540000000000003,27.945252245368284,-0.054,falling,5370.0
rZ7HnEZ1AfqbqS,"Deer Tick — The Independent, San Francisco ($36 fcst $33↓)",Deer Tick,Deer Tick,The Independent,San Francisco,CA,2026-10-07,True,56,36,34,36.05,36.05,32.74287891407473,-0.092,falling,12400.0
rZ7HnEZ1Af0PfS,"King Buffalo — The Independent, San Francisco ($32 fcst $28↓)",King Buffalo,King Buffalo,The Independent,San Francisco,CA,2026-11-06,True,56,34,34,31.55,31.55,28.45318372514974,-0.098,falling,27200.0
rZ7HnEZ1AfFkCf,"Automatic — The Independent, San Francisco ($32 fcst $26↓)",Automatic,Automatic,The Independent,San Francisco,CA,2026-10-13,True,43,36,32,31.55,31.55,26.124628434358048,-0.172,falling,13300.0
rZ7HnEZ1Afa7F0,"feeble little horse — The Independent, San Francisco ($36 fcst $34↓)",feeble little horse,feeble little horse,The Independent,San Francisco,CA,2026-12-09,True,31,30,31,36.05,36.05,34.24675574023791,-0.05,falling,6640.0
rZ7HnEZ1AfPv4K,"Gilla Band — The Independent, San Francisco ($32 fcst $24↓)",Gilla Band,Gilla Band,The Independent,San Francisco,CA,2026-11-03,True,56,18,32,31.55,31.550000000000004,24.16610658645127,-0.234,falling,19500.0
rZ7HnEZ1AfJeFS,"Devon Gilfillian — The Independent, San Francisco ($32 fcst $28↓)",Devon Gilfillian,Devon Gilfillian,The Independent,San Francisco,CA,2026-10-09,True,56,17,31,31.55,31.549999999999997,27.54332144157044,-0.127,falling,17100.0
rZ7HnEZ1Afa8j7,"Blitzkid — The Ritz, San Jose ($28 fcst $26↓)",Blitzkid,"Blitzkid, Them Creatures",The Ritz,San Jose,CA,2026-10-24,True,23,20,22,28.25,28.25,25.96775876160978,-0.081,falling,13500.0
rZ7HnEZ1Af0U4d,"Stop Light Observations — The Independent, San Francisco ($32 fcst $30↓)",Stop Light Observations,Stop Light Observations,The Independent,San Francisco,CA,2026-11-11,True,56,1,31,31.55,31.550000000000004,29.972459789333456,-0.05,falling,9760.0
rZ7HnEZ1AfPfoS,"Jenna Raine — Brick and Mortar Music Hall, San Francisco ($30 fcst $48⇈)",Jenna Raine,"Jenna Raine,  Zoe Levert",Brick and Mortar Music Hall,San Francisco,CA,2026-10-18,True,56,39,34,29.54,29.54,47.696063103328676,0.615,steep,446000.0
rZ7HnEZ1AfJa3d,"Daniel Avery — The Independent, San Francisco ($32 fcst $53⇈)",Daniel Avery,Daniel Avery Live,The Independent,San Francisco,CA,2026-09-18,True,52,36,35,31.55,31.55,52.53757712500402,0.665,steep,25900.0
rZ7HnEZ1Af-z-d,"Post Sex Nachos — Cafe Du Nord, San Francisco ($31 fcst $56⇈)",Post Sex Nachos,Post Sex Nachos with Hannah Geller,Cafe Du Nord,San Francisco,CA,2026-10-19,True,56,36,34,31.39,31.39,55.9696950588343,0.783,steep,3420.0
rZ7HnEZ1AfFFOV,"INOHA — The Independent, San Francisco ($34 fcst $25⇈)",INOHA,INOHA,The Independent,San Francisco,CA,2026-11-04,True,44,33,35,33.55,33.55,24.812615388471436,-0.26,steep,81100.0
rZ7HnEZ1AfPgPN,"Stephen Day — The Independent, San Francisco ($32 fcst $54⇈)",Stephen Day,Stephen Day,The Independent,San Francisco,CA,2026-11-12,True,56,34,33,31.55,31.55,54.15344854553956,0.716,steep,71600.0
rZ7HnEZ1AfFpbV,"Gimme Gimme Disco — The Ritz, San Jose ($21 fcst $27⇈)",Gimme Gimme Disco,Gimme Gimme Disco,The Ritz,San Jose,CA,2026-08-21,True,32,30,32,21.06,21.06,26.734957749680206,0.269,steep,2570.0
rZ7HnEZ1Af-fJK,"DevilDriver — The Ritz, San Jose ($47 fcst $88⇈)",DevilDriver,"DevilDriver, Upon a Burning Body, Ov Sulfur",The Ritz,San Jose,CA,2026-09-04,True,56,28,34,47.05,47.05,87.74444886447068,0.865,steep,1740.0
rZ7HnEZ1AfFyFf,"Electric Feels — The Ritz, San Jose ($263 fcst $191⇈)",Electric Feels,Electric Feels: Indie Rock + Indie Dance Party,The Ritz,San Jose,CA,2026-10-10,True,32,29,32,263.35,263.35,191.20865352613657,-0.274,steep,168.0
rZ7HnEZ1AfFt17,"vaultboy — Cafe Du Nord, San Francisco ($28 fcst $50⇈)",vaultboy,vaultboy - ARE YOU EVER COMING BACK? TOUR,Cafe Du Nord,San Francisco,CA,2026-09-22,True,26,26,23,28.3,28.3,49.708226462995725,0.756,steep,447000.0
rZ7HnEZ1AfFw00,"Tauren Wells — Cathedral of Faith, San Jose ($40 fcst $23⇈)",Tauren Wells,"Tauren Wells: Air1 Worship Now Tour - San Jose, CA",Cathedral of Faith,San Jose,CA,2026-11-12,True,27,21,26,40.2,40.2,23.41718923475966,-0.417,steep,1110000.0
rZ7HnEZ1AfPNON,"Mountain Grass Unit — Cafe Du Nord, San Francisco ($33 fcst $24⇈)",Mountain Grass Unit,Mountain Grass Unit - Appalachian Smoke Tour,Cafe Du Nord,San Francisco,CA,2026-10-05,True,52,4,23,33.45,33.45,23.68527302514494,-0.292,steep,5550.0
rZ7HnEZ1AfFkFV,"gavn! — Cafe Du Nord, San Francisco ($30 fcst $75⇈)",gavn!,GAVN!,Cafe Du Nord,San Francisco,CA,2026-11-22,True,45,4,22,30.36,30.36,74.59352840603368,1.457,steep,45700.0
rZ7HnEZ1Af0UZN,"feeble little horse — The Independent, San Francisco ($0 fcst $0?)",feeble little horse,feeble little horse,The Independent,San Francisco,CA,2026-12-10,True,53,38,45,0.0,0.0,0.0,,n/a,6640.0
rZ7HnEZ1Af-f_K,"Bayonne — Brick and Mortar Music Hall, San Francisco ($0 fcst $0?)",Bayonne,Bayonne — The 'Filters' Tour,Brick and Mortar Music Hall,San Francisco,CA,2026-11-20,True,56,38,36,0.0,0.0,0.0,,n/a,12400.0
rZ7HnEZ1AfqsJK,"Chasing Abbey — The Independent, San Francisco ($0 fcst $10?)",Chasing Abbey,Chasing Abbey,The Independent,San Francisco,CA,2026-09-30,True,56,35,35,0.0,0.0,9.505108049365866,,n/a,36300.0
rZ7HnEZ1AfPaFN,"Dublon — The Independent, San Francisco ($0 fcst $0?)",Dublon,dublon,The Independent,San Francisco,CA,2026-10-10,True,56,35,35,0.0,0.0,0.0,,n/a,5480.0
rZ7HnEZ1AfPvAd,"Love Spells — Cafe Du Nord, San Francisco ($0 fcst $0?)",Love Spells,LOVE SPELLS - LOVE IS THE LAW WORLD TOUR (SOLD OUT),Cafe Du Nord,San Francisco,CA,2026-10-12,True,56,35,33,0.0,0.0,0.0,,n/a,20500.0
rZ7HnEZ1Af0fjN,"Swervedriver — The Independent, San Francisco ($0 fcst $6?)",Swervedriver,Swervedriver raise at 35,The Independent,San Francisco,CA,2026-12-13,True,50,35,33,0.0,0.0,5.935175802596807,,n/a,9450.0
rZ7HnEZ1Af0EbS,"Chxrry — Cafe Du Nord, San Francisco ($0 fcst $0?)",Chxrry,Chxrry Presents: The Ego Tour (SOLD OUT),Cafe Du Nord,San Francisco,CA,2026-09-04,True,56,35,32,0.0,0.0,0.0,,n/a,78700.0
rZ7HnEZ1AfrAbN,"Angine de Poitrine — The Independent, San Francisco ($0 fcst $0?)",Angine de Poitrine,Angine de Poitrine,The Independent,San Francisco,CA,2026-08-19,True,56,36,30,0.0,0.0,0.0,,n/a,360000.0
rZ7HnEZ1Af0Sbd,"Lewis OfMan — Bimbo's 365 Club, San Francisco ($0 fcst $0?)",Lewis OfMan,Lewis OfMan,Bimbo's 365 Club,San Francisco,CA,2026-10-17,True,56,34,32,0.0,0.0,0.0,,n/a,98200.0
rZ7HnEZ1AfP_xK,"paris jackson — Cafe Du Nord, San Francisco ($0 fcst $0?)",paris jackson,paris jackson - zombies tour with Isabella Viking (SOLD OUT),Cafe Du Nord,San Francisco,CA,2026-08-05,True,53,34,31,0.0,0.0,0.0,,n/a,233000.0
rZ7HnEZ1Af0IvN,"Lido Pimienta — Bimbo's 365 Club, San Francisco ($0 fcst $0?)",Lido Pimienta,Lido Pimienta,Bimbo's 365 Club,San Francisco,CA,2026-09-18,True,56,26,35,0.0,0.0,0.0,,n/a,21100.0
rZ7HnEZ1AfPOvS,"Mari Froes — The Independent, San Francisco ($0 fcst $1?)",Mari Froes,Mari Froes,The Independent,San Francisco,CA,2026-10-01,True,56,27,33,0.0,0.0,0.5591197855454968,,n/a,1020000.0
rZ7HnEZ1Afaa_V,"Juice — The Independent, San Francisco ($0 fcst $11?)",Juice,Juice,The Independent,San Francisco,CA,2026-10-14,True,27,27,26,0.0,0.0,11.333767651631513,,n/a,17300.0
rZ7HnEZ1Afa9G7,"DOMi + JD Beck — Bimbo's 365 Club, San Francisco ($0 fcst $0?)",DOMi + JD Beck,DOMi & JD BECK - WHO ASKED? Tour,Bimbo's 365 Club,San Francisco,CA,2026-10-09,True,25,24,24,0.0,0.0,0.0,,n/a,236000.0
rZ7HnEZ1Afk44V,"Great Lake Swimmers — Cafe Du Nord, San Francisco ($0 fcst $0?)",Great Lake Swimmers,Great Lake Swimmers,Cafe Du Nord,San Francisco,CA,2026-10-28,True,50,15,31,0.0,0.0,0.0,,n/a,10300.0
rZ7HnEZ1Afa7xf,"Improvement Movement — Brick and Mortar Music Hall, San Francisco ($0 fcst $14?)",Improvement Movement,Improvement Movement,Brick and Mortar Music Hall,San Francisco,CA,2026-10-31,True,26,20,25,0.0,0.0,13.818235904396735,,n/a,3530.0
rZ7HnEZ1AfPs7K,"Allan Rayman — Swedish American Hall, San Francisco ($0 fcst $0?)",Allan Rayman,Allan Rayman: HOTEL ALLAN - The 10 Year Anniversary Tour,Swedish American Hall,San Francisco,CA,2026-10-16,True,56,9,32,0.0,0.0,0.0,,n/a,58500.0
rZ7HnEZ1Af0_8S,"Grace Enger — Bimbo's 365 Club, San Francisco ($0 fcst $0?)",Grace Enger,"Stella Lefty, Grace Enger",Bimbo's 365 Club,San Francisco,CA,2026-10-30,True,56,2,32,0.0,0.0,0.0,,n/a,3170.0
rZ7HnEZ1AfxbON,"Lelo — Cafe Du Nord, San Francisco ($0 fcst $0?)",Lelo,LELO’s MASTIFF : PINK TILES TOUR (SOLD OUT),Cafe Du Nord,San Francisco,CA,2026-07-22,True,39,11,15,0.0,0.0,0.0,,n/a,39500.0
rZ7HnEZ1Afqtvd,"Young Franco — The Independent, San Francisco ($0 fcst $0?)",Young Franco,Young Franco,The Independent,San Francisco,CA,2026-07-10,True,27,10,6,0.0,0.0,0.0,,n/a,20100.0
rZ7HnEZ1AfZZuV,"Mushroomhead — Hobart Art Theatre, Hobart ($42 fcst $40→)",Mushroomhead,Mushroomhead & Fear Factory,Hobart Art Theatre,Hobart,IN,2026-10-27,False,56,39,35,41.51,41.51,40.20576649988503,-0.031,flat,397000.0
rZ7HnEZ1AfAP_V,"Mushroomhead — Pop's Concert Venue, Sauget ($41 fcst $39→)",Mushroomhead,Mushroomhead & Fear Factory: Soul Of A New War Machine Tour,Pop's Concert Venue,Sauget,IL,2026-11-10,False,56,39,35,40.57,40.57,39.22620341818398,-0.033,flat,397000.0
rZ7HnEZ1AfqIrK,"Chasing Abbey — Grog Shop, Cleveland Heights ($31 fcst $30→)",Chasing Abbey,Chasing Abbey,Grog Shop,Cleveland Heights,OH,2026-10-11,False,56,39,35,31.36,31.36,30.00469203317502,-0.043,flat,36300.0
rZ7HnEZ1AfFFP7,"Gimme Gimme Disco — Tipitina's, New Orleans ($28 fcst $28→)",Gimme Gimme Disco,Gimme Gimme Disco,Tipitina's,New Orleans,LA,2026-08-22,False,44,37,34,27.98,27.98,28.158458156408816,0.006,flat,2570.0
rZ7HnEZ1AfPzoS,"Bingo Loco — FIVE, Jacksonville ($50 fcst $50→)",Bingo Loco,Bingo Loco – The Wildest Bingo Party in Jacksonville!,FIVE,Jacksonville,FL,2026-09-25,False,56,18,51,49.73,49.73,49.54974255904361,-0.004,flat,2320.0
rZ7HnEZ1AfJZ0K,"Bingo Loco — Knitting Factory - Spokane, Spokane ($42 fcst $41→)",Bingo Loco,Bingo Loco: Name That Song (8/22),Knitting Factory - Spokane,Spokane,WA,2026-08-22,False,56,18,51,41.61,41.61,40.66990851959937,-0.023,flat,2320.0
rZ7HnEZ1AfPsFK,"Bingo Loco — Brewsky's, Hattiesburg ($38 fcst $37→)",Bingo Loco,Bingo Loco,Brewsky's,Hattiesburg,MS,2026-08-15,False,56,18,51,38.29,38.29,37.18826835910119,-0.029,flat,2320.0
rZ7HnEZ1Af-o7K,"Bingo Loco — Manchester Music Hall, Lexington ($43 fcst $43→)",Bingo Loco,Bingo Loco presents Name That Song,Manchester Music Hall,Lexington,KY,2026-08-07,False,55,17,50,43.19,43.19,43.19,0.0,flat,2320.0
rZ7HnEZ1AfFdb7,"Bingo Loco — The Hall, Little Rock ($49 fcst $47→)",Bingo Loco,Bingo Loco – The Wildest Bingo Party in Little Rock!,The Hall,Little Rock,AR,2026-08-28,False,49,16,47,48.55,48.55,47.36321801409283,-0.024,flat,2320.0
rZ7HnEZ1AfFdO7,"Bingo Loco — The Signal - Concert Hall, Chattanooga ($49 fcst $48→)",Bingo Loco,Bingo Loco – The Wildest Bingo Party in Chattanooga!,The Signal - Concert Hall,Chattanooga,TN,2026-08-29,False,49,16,47,48.75,48.75,47.56321801409283,-0.024,flat,2320.0
rZ7HnEZ1Af-JJK,"Jonah Kagen — The Mill & Mine, Knoxville ($26 fcst $26→)",Jonah Kagen,"Jonah Kagen, verygently",The Mill & Mine,Knoxville,TN,2026-08-28,False,56,11,51,25.74,25.740000000000002,26.206291156106737,0.018,flat,106000.0
rZ7HnEZ1Af-tAS,"GWAR — FIVE, Jacksonville ($53 fcst $53→)",GWAR,GWAR,FIVE,Jacksonville,FL,2026-10-29,False,56,10,51,53.49,53.49,52.90636984320769,-0.011,flat,97600.0
rZ7HnEZ1Af-yvS,"GWAR — Bourbon Theatre, Lincoln ($52 fcst $52→)",GWAR,GWAR: Gor Gor Must Die,Bourbon Theatre,Lincoln,NE,2026-12-02,False,56,10,51,52.47,52.47,52.17681941304167,-0.006,flat,97600.0
rZ7HnEZ1Af-y7S,"GWAR — The Hall, Little Rock ($40 fcst $39→)",GWAR,GWAR,The Hall,Little Rock,AR,2026-11-09,False,56,10,51,39.68,39.68,38.64629147418765,-0.026,flat,97600.0
rZ7HnEZ1AfeFOV,"Air Supply — Blue Note Hawaii, Honolulu ($124 fcst $126→)",Air Supply,Air Supply,Blue Note Hawaii,Honolulu,HI,2026-08-15,False,56,9,51,124.39,124.39,126.44956165400298,0.017,flat,2130000.0
rZ7HnEZ1AfeF-7,"Air Supply — Blue Note Hawaii, Honolulu ($124 fcst $125→)",Air Supply,Air Supply,Blue Note Hawaii,Honolulu,HI,2026-08-14,False,56,9,51,124.39,124.39,124.64754717828521,0.002,flat,2130000.0
rZ7HnEZ1AfeFO7,"Air Supply — Blue Note Hawaii, Honolulu ($124 fcst $125→)",Air Supply,Air Supply,Blue Note Hawaii,Honolulu,HI,2026-08-11,False,56,9,51,124.39,124.39,124.64754717828521,0.002,flat,2130000.0
rZ7HnEZ1AfeFOf,"Air Supply — Blue Note Hawaii, Honolulu ($124 fcst $127→)",Air Supply,Air Supply,Blue Note Hawaii,Honolulu,HI,2026-08-16,False,56,9,51,124.39,124.39,127.0492958088057,0.021,flat,2130000.0
rZ7HnEZ1Afqypd,"Leonid & Friends — Blue Note Hawaii, Honolulu ($96 fcst $100→)",Leonid & Friends,Leonid & Friends,Blue Note Hawaii,Honolulu,HI,2026-11-27,False,56,9,51,96.43,96.43,99.90853060316736,0.036,flat,649000.0
rZ7HnEZ1Af-YQd,"Citizen — Thalia Hall, Chicago ($52 fcst $52→)",Citizen,"Citizen with Hotline TNT, Anxious, and Rocket",Thalia Hall,Chicago,IL,2026-08-19,False,56,10,49,51.58,51.58,52.04093350776588,0.009,flat,18100.0
rZ7HnEZ1Af-Y_K,"Citizen — Thalia Hall, Chicago ($52 fcst $52→)",Citizen,"Citizen with Anxious, Hotline TNT, and Rocket",Thalia Hall,Chicago,IL,2026-08-18,False,56,10,49,51.58,51.58,52.04093350776588,0.009,flat,18100.0
rZ7HnEZ1Af0MFK,"Greyboy Allstars — Moe's Alley, Santa Cruz ($46 fcst $46→)",Greyboy Allstars,Moe's Alley Presents: The Greyboy Allstars + DJ Archive 65,Moe's Alley,Santa Cruz,CA,2026-08-29,False,56,31,28,45.76,45.76,45.58781579835682,-0.004,flat,1000.0
rZ7HnEZ1AfPZxK,"6LACK — SOMA - Mainstage, San Diego ($59 fcst $59→)",6LACK,10 Years of 6LACK Tour,SOMA - Mainstage,San Diego,CA,2026-10-31,False,56,9,49,58.91,58.91,58.605910438327804,-0.005,flat,2030000.0
rZ7HnEZ1Af09vd,"Masego — SOMA - Mainstage, San Diego ($65 fcst $65→)",Masego,Masego: Fix Your Face,SOMA - Mainstage,San Diego,CA,2026-09-14,False,56,9,49,64.54,64.54,65.00123083634158,0.007,flat,1000000.0
rZ7HnEZ1Af0Z4K,"Madeon — Cargo Concert Hall, Reno ($41 fcst $42→)",Madeon,Madeon presents Victory Live,Cargo Concert Hall,Reno,NV,2026-10-06,False,56,10,48,41.23,41.23,41.669194238863625,0.011,flat,905000.0
rZ7HnEZ1AfP6od,"Rolling Quartz — Substation, Seattle ($36 fcst $36→)",Rolling Quartz,ROLLING QUARTZ MY TURN 2026 TOUR in Seattle,Substation,Seattle,WA,2026-09-12,False,56,8,50,36.29,36.29,36.04269254706373,-0.007,flat,822000.0
rZ7HnEZ1AfP64d,"Rolling Quartz — 89th Street - OKC, Oklahoma City ($36 fcst $36→)",Rolling Quartz,ROLLING QUARTZ [MY TURN] 2026 TOUR in Oklahoma City,89th Street - OKC,Oklahoma City,OK,2026-09-29,False,56,8,50,36.29,36.29,35.75275361659932,-0.015,flat,822000.0
rZ7HnEZ1AfP6oK,"Rolling Quartz — Star Theater, Portland ($36 fcst $36→)",Rolling Quartz,ROLLING QUARTZ [MY TURN] 2026 TOUR in Portland,Star Theater,Portland,OR,2026-09-13,False,56,8,50,36.29,36.29,35.76961968508436,-0.014,flat,822000.0
rZ7HnEZ1AfP64N,"Rolling Quartz — The Rock Box, San Antonio ($36 fcst $36→)",Rolling Quartz,ROLLING QUARTZ [MY TURN] 2026 TOUR in San Antonio,The Rock Box,San Antonio,TX,2026-10-03,False,56,8,50,36.29,36.29,35.75275361659932,-0.015,flat,822000.0
rZ7HnEZ1AfP64K,"Rolling Quartz — The Jam Spot, Albuquerque ($36 fcst $36→)",Rolling Quartz,ROLLING QUARTZ [MY TURN] 2026 TOUR in Albuquerque,The Jam Spot,Albuquerque,NM,2026-10-01,False,56,8,50,36.29,36.29,35.75275361659932,-0.015,flat,822000.0
rZ7HnEZ1AfP63K,"Rolling Quartz — Music Box, San Diego ($36 fcst $36→)",Rolling Quartz,ROLLING QUARTZ [MY TURN] 2026 TOUR in San Diego,Music Box,San Diego,CA,2026-09-20,False,56,8,50,36.29,36.29,35.77802692812402,-0.014,flat,822000.0
rZ7HnEZ1AfP6bd,"Rolling Quartz — Poor David's Pub, Dallas ($36 fcst $36→)",Rolling Quartz,ROLLING QUARTZ [MY TURN] 2026 TOUR in Dallas,Poor David's Pub,Dallas,TX,2026-10-09,False,56,8,50,36.29,36.29,35.75275361659932,-0.015,flat,822000.0
rZ7HnEZ1AfP64S,"Rolling Quartz — Come and Take It Live, Austin ($36 fcst $36→)",Rolling Quartz,ROLLING QUARTZ [MY TURN] 2026 TOUR in Austin,Come and Take It Live,Austin,TX,2026-10-04,False,56,8,50,36.29,36.29,35.75275361659932,-0.015,flat,822000.0
rZ7HnEZ1AfP6fK,"Rolling Quartz — Pearl on Main, Midvale ($36 fcst $36→)",Rolling Quartz,ROLLING QUARTZ [MY TURN] 2026 TOUR in Salt Lake City,Pearl on Main,Midvale,UT,2026-09-25,False,56,8,50,36.29,36.29,35.75275361659932,-0.015,flat,822000.0
rZ7HnEZ1AfP63d,"Rolling Quartz — Whisky A Go Go, West Hollywood ($36 fcst $36→)",Rolling Quartz,ROLLING QUARTZ [MY TURN] 2026 TOUR in Los Angeles,Whisky A Go Go,West Hollywood,CA,2026-09-19,False,56,8,50,36.29,36.29,35.798249222515466,-0.014,flat,822000.0
rZ7HnEZ1AfP6pd,"Rolling Quartz — Rockefellers, Houston ($36 fcst $36→)",Rolling Quartz,ROLLING QUARTZ [MY TURN] 2026 TOUR in Houston,Rockefellers,Houston,TX,2026-10-06,False,56,8,50,36.29,36.29,35.75275361659932,-0.015,flat,822000.0
rZ7HnEZ1AfPIpd,"Rolling Quartz — The Press Club, Sacramento ($36 fcst $36→)",Rolling Quartz,ROLLING QUARTZ [MY TURN] 2026 TOUR in Sacramento,The Press Club,Sacramento,CA,2026-09-16,False,56,8,50,36.29,36.29,35.76961968508436,-0.014,flat,822000.0
rZ7HnEZ1AfP68S,"Rolling Quartz — Sonia, Cambridge ($36 fcst $36→)",Rolling Quartz,ROLLING QUARTZ [MY TURN] 2026 TOUR in Boston,Sonia,Cambridge,MA,2026-08-08,False,56,8,50,36.29,36.29,36.29,0.0,flat,822000.0
rZ7HnEZ1AfP6fd,"Rolling Quartz — Nile Theater, Mesa ($36 fcst $36→)",Rolling Quartz,ROLLING QUARTZ [MY TURN] 2026 TOUR in Mesa,Nile Theater,Mesa,AZ,2026-09-23,False,56,8,50,36.29,36.29,35.75275361659932,-0.015,flat,822000.0
rZ7HnEZ1AfPJFN,"Thousand Below — The Song & Dance, Syracuse ($33 fcst $31→)",Thousand Below,Thousand Below,The Song & Dance,Syracuse,NY,2026-09-30,False,56,10,47,32.62,32.62,31.245099497447534,-0.042,flat,12900.0
rZ7HnEZ1AfeFO0,"Air Supply — Blue Note Hawaii, Honolulu ($124 fcst $127→)",Air Supply,Air Supply,Blue Note Hawaii,Honolulu,HI,2026-08-12,False,52,9,47,124.39,124.39,127.0492958088057,0.021,flat,2130000.0
rZ7HnEZ1AfP68N,"Rolling Quartz — Soho Live, New York ($36 fcst $36→)",Rolling Quartz,ROLLING QUARTZ [MY TURN] 2026 TOUR in New York City,Soho Live,New York,NY,2026-08-06,False,54,8,48,36.29,36.29,36.29,0.0,flat,822000.0
rZ7HnEZ1AKJ3v0,"Tab Benoit — Belly Up, Solana Beach ($61 fcst $61→)",Tab Benoit,Tab Benoit - Soul of the Swamp Tour with special guest The Zac Schulze Gang,Belly Up,Solana Beach,CA,2026-08-27,False,56,9,47,60.8,60.8,60.774250546987545,-0.0,flat,18700.0
rZ7HnEZ1AKPsP0,"Tab Benoit — The Coach House, San Juan Capistrano ($68 fcst $68→)",Tab Benoit,Tab Benoit,The Coach House,San Juan Capistrano,CA,2026-08-28,False,56,9,47,67.74,67.74,67.79178271952227,0.001,flat,18700.0
rZ7HnEZ1AfA_r7,"Poppy — Marathon Music Works, Nashville ($61 fcst $61→)",Poppy,Poppy - Constantly Nowhere Tour,Marathon Music Works,Nashville,TN,2026-08-19,False,56,10,45,61.47,61.47,61.29685394812544,-0.003,flat,3140000.0
rZ7HnEZ1AfP68K,"Rolling Quartz — PhilaMOCA, Philadelphia ($36 fcst $36→)",Rolling Quartz,ROLLING QUARTZ [MY TURN] 2026 TOUR in Philadelphia,PhilaMOCA,Philadelphia,PA,2026-08-05,False,53,8,47,36.29,36.29,36.29,0.0,flat,822000.0
rZ7HnEZ1Af0okK,"Arrows In Action — Exit/In, Nashville ($107 fcst $111→)",Arrows In Action,Arrows in Action // I Think We've Toured Here Before,Exit/In,Nashville,TN,2026-11-21,False,56,9,46,107.09,107.09,111.18141822255976,0.038,flat,39400.0
rZ7HnEZ1AfP68d,"Rolling Quartz — Karma DC Live Music Venue, Washington ($36 fcst $36→)",Rolling Quartz,"ROLLING QUARTZ [MY TURN] 2026 TOUR in Washington, D.C.",Karma DC Live Music Venue,Washington,DC,2026-08-03,False,51,8,45,36.29,36.29,36.29,0.0,flat,822000.0
rZ7HnEZ1AfqSbN,"Chasing Abbey — The Basement East, Nashville ($33 fcst $32→)",Chasing Abbey,Chasing Abbey,The Basement East,Nashville,TN,2026-10-22,False,56,18,35,33.49,33.49,32.12782544650544,-0.041,flat,36300.0
rZ7HnEZ1Af0N_S,"Ax and the Hatchetmen — Skully's Music Diner, Columbus ($26 fcst $25→)",Ax and the Hatchetmen,Ax and the Hatchetmen: The Late Checkout Tour 2026,Skully's Music Diner,Columbus,OH,2026-11-19,False,56,9,44,26.0,26.0,25.19773069163078,-0.031,flat,25500.0
rZ7HnEZ1Af0P_d,"Ax and the Hatchetmen — The Crocodile, Seattle ($40 fcst $39→)",Ax and the Hatchetmen,Ax and the Hatchetmen: The Late Checkout Tour 2026 w/ The Rare Occasions,The Crocodile,Seattle,WA,2026-10-31,False,56,9,44,39.92,39.92,39.15729377333184,-0.019,flat,25500.0
rZ7HnEZ1Af094N,"Charles Wesley Godwin — Knitting Factory - Spokane, Spokane ($42 fcst $40→)",Charles Wesley Godwin,Charles Wesley Godwin - Christian Name Tour,Knitting Factory - Spokane,Spokane,WA,2026-10-21,False,56,8,44,42.13,42.13,40.262307092053305,-0.044,flat,74000.0
rZ7HnEZ1Af03vS,"Charles Wesley Godwin — SOMA - Mainstage, San Diego ($42 fcst $42→)",Charles Wesley Godwin,Charles Wesley Godwin - The Christian Name Tour,SOMA - Mainstage,San Diego,CA,2026-08-08,False,56,8,44,42.21,42.21,42.21,0.0,flat,74000.0
rZ7HnEZ1Af0EOd,"feeble little horse — Grog Shop, Cleveland Heights ($31 fcst $31→)",feeble little horse,"feeble little horse, Snuggle",Grog Shop,Cleveland Heights,OH,2026-10-10,False,56,6,45,31.36,31.36,31.17411622903584,-0.006,flat,6640.0
rZ7HnEZ1Af0Urd,"feeble little horse — Music Box, San Diego ($35 fcst $36→)",feeble little horse,feeble little horse - bitknot tour w/ MOP,Music Box,San Diego,CA,2026-12-15,False,48,6,45,35.3,35.3,35.81765504620873,0.015,flat,6640.0
rZ7HnEZ1AfP6bK,"Rolling Quartz — Heist Brewery and Barrel Arts, Charlotte ($36 fcst $36→)",Rolling Quartz,ROLLING QUARTZ [MY TURN] 2026 TOUR in Charlotte,Heist Brewery and Barrel Arts,Charlotte,NC,2026-08-01,False,49,7,43,36.29,36.29,36.29,0.0,flat,822000.0
rZ7HnEZ1Afap8V,"Magic Sword — The Alpine, Reno ($29 fcst $29→)",Magic Sword,"Magic Sword, Skylimit, Maxx Data",The Alpine,Reno,NV,2026-09-11,False,26,25,25,29.01,29.01,29.298499913848648,0.01,flat,71700.0
rZ7HnEZ1AfO9qd,"Bingo Loco — District 142, Wyandotte ($39 fcst $39→)",Bingo Loco,BINGO LOCO - Name That Song Game Show - Goes Country,District 142,Wyandotte,MI,2026-07-24,False,41,14,36,38.7,38.7,38.7,0.0,flat,2310.0
rZ7HnEZ1Af0Fad,"GWAR — The Mill & Mine, Knoxville ($64 fcst $64→)",GWAR,CreepyCon Presents: GWAR with Special Guest Twiztid,The Mill & Mine,Knoxville,TN,2026-07-31,False,48,6,43,63.85,63.85,63.85,0.0,flat,97400.0
rZ7HnEZ1AfP6CK,"Rolling Quartz — Open Chord Stage, Knoxville ($36 fcst $36→)",Rolling Quartz,ROLLING QUARTZ [MY TURN] 2026 TOUR in Knoxville,Open Chord Stage,Knoxville,TN,2026-07-31,False,48,6,42,36.29,36.29,36.29,0.0,flat,822000.0
rZ7HnEZ1AfqM4N,"The Wallflowers — The Hall, Little Rock ($52 fcst $52→)",The Wallflowers,The Wallflowers - Bringing Down the Horse 30th Anniversary Tour,The Hall,Little Rock,AR,2026-07-30,False,47,9,39,51.88,51.88,51.88,0.0,flat,292000.0
rZ7HnEZ1Af00Ad,"Paul Cauthen — The Hawthorn, St. Louis ($40 fcst $39→)",Paul Cauthen,Paul Cauthen,The Hawthorn,St. Louis,MO,2026-08-23,False,56,9,39,40.3,40.3,39.07262415792918,-0.03,flat,49000.0
rZ7HnEZ1Af00kd,"Paul Cauthen — The Signal - Concert Hall, Chattanooga ($45 fcst $44→)",Paul Cauthen,Paul Cauthen,The Signal - Concert Hall,Chattanooga,TN,2026-08-22,False,56,9,39,45.35,45.35,44.12262415792919,-0.027,flat,49000.0
rZ7HnEZ1Af0E4N,"Paul Cauthen — Bourbon Theatre, Lincoln ($46 fcst $44→)",Paul Cauthen,Paul Cauthen: The Book of Paul Tour,Bourbon Theatre,Lincoln,NE,2026-08-29,False,56,9,39,45.78,45.78,44.30880011383084,-0.032,flat,49000.0
rZ7HnEZ1AfxKfd,"Portugal. The Man — The Refinery, Charleston ($37 fcst $37→)",Portugal. The Man,PORTUGAL. THE MAN,The Refinery,Charleston,SC,2026-08-11,False,56,5,42,36.84,36.84,37.24396033942519,0.011,flat,793000.0
rZ7HnEZ1Af0sod,"Nonpoint — Pop's Concert Venue, Sauget ($41 fcst $40→)",Nonpoint,Nonpoint,Pop's Concert Venue,Sauget,IL,2026-08-12,False,56,8,39,40.57,40.57,40.40945306333824,-0.004,flat,131000.0
rZ7HnEZ1Af0YFN,"Nonpoint — Manchester Music Hall, Lexington ($44 fcst $44→)",Nonpoint,Nonpoint,Manchester Music Hall,Lexington,KY,2026-08-11,False,56,8,39,44.34,44.34,44.179453063338244,-0.004,flat,131000.0
rZ7HnEZ1Af-k0N,"The War and Treaty — The Refinery, Charleston ($41 fcst $40→)",The War and Treaty,THE WAR AND TREATY,The Refinery,Charleston,SC,2026-09-02,False,56,10,37,40.9,40.9,40.421412419928565,-0.012,flat,50200.0
rZ7HnEZ1AfF-Jf,"Orgy — Whisky A Go Go, West Hollywood ($33 fcst $33→)",Orgy,"Orgy, Silos , Marintha",Whisky A Go Go,West Hollywood,CA,2026-12-11,False,41,8,39,33.45,33.45,33.41524775416409,-0.001,flat,2280.0
rZ7HnEZ1AfPJbN,"Vini Vici — Time Nightclub, Costa Mesa ($35 fcst $36→)",Vini Vici,Vini Vici,Time Nightclub,Costa Mesa,CA,2026-08-22,False,56,11,35,34.95,34.95,35.60117496349004,0.019,flat,474000.0
rZ7HnEZ1AfFZ80,"Medium Build — Mr Smalls Theatre, Millvale ($122 fcst $124→)",Medium Build,Medium Build - The King of Having Fun on Tour with Ken Yates,Mr Smalls Theatre,Millvale,PA,2026-10-05,False,40,7,39,122.02,122.02,123.50206655703506,0.012,flat,44600.0
rZ7HnEZ1AfP6Cd,"Rolling Quartz — The Abbey, Orlando ($36 fcst $36→)",Rolling Quartz,ROLLING QUARTZ [MY TURN] 2026 TOUR in Orlando,The Abbey,Orlando,FL,2026-07-29,False,46,5,40,36.29,36.29,36.29,0.0,flat,822000.0
rZ7HnEZ1Af0vrK,"Underoath — The Liberty, Roswell ($49 fcst $49→)",Underoath,UNDEROATH: THE VAN TOUR TO VANS WARPED TOUR  w/ Held.,The Liberty,Roswell,NM,2026-07-29,False,46,5,40,48.89,48.89,48.89,0.0,flat,171000.0
rZ7HnEZ1Afr9eK,"Eagles of Death Metal — Belly Up, Solana Beach ($44 fcst $44→)",Eagles of Death Metal,"Eagles of Death Metal - 20th Anniversary of ""Death By Sexy"" North American Tour 2026 w/ Headsend",Belly Up,Solana Beach,CA,2026-08-03,False,51,6,39,44.3,44.3,44.3,0.0,flat,76200.0
rZ7HnEZ1Af-wGS,"Emei — Sony Hall, New York ($46 fcst $45→)",Emei,Emei,Sony Hall,New York,NY,2026-10-16,False,56,9,35,46.32,46.32,45.02618349738773,-0.028,flat,788000.0
rZ7HnEZ1Af-wGN,"Emei — Sony Hall, New York ($46 fcst $45→)",Emei,Emei,Sony Hall,New York,NY,2026-10-17,False,56,9,35,46.32,46.32,44.86329013141805,-0.031,flat,788000.0
rZ7HnEZ1Af-Y1d,"Emei — Thalia Hall, Chicago ($148 fcst $147→)",Emei,EMEI - Night at the Opera Tour,Thalia Hall,Chicago,IL,2026-10-11,False,56,9,35,148.23,148.23,147.06396450530966,-0.008,flat,788000.0
rZ7HnEZ1AfF-G7,"Dinosaur Jr. — Belly Up, Solana Beach ($60 fcst $58→)",Dinosaur Jr.,Dinosaur Jr. - Fall Tour 2026 with special guest Stef Chura,Belly Up,Solana Beach,CA,2026-10-11,False,36,9,35,60.3,60.3,57.55601840469688,-0.046,flat,90100.0
rZ7HnEZ1AfqsfS,"Deer Tick — Crescent Ballroom, Phoenix ($39 fcst $38→)",Deer Tick,DEER TICK,Crescent Ballroom,Phoenix,AZ,2026-10-14,False,56,10,34,39.39,39.39,38.42128350083084,-0.025,flat,12400.0
rZ7HnEZ1Afqxvd,"Deer Tick — Belly Up, Solana Beach ($41 fcst $40→)",Deer Tick,Deer Tick - Tour-o-matic w/ Presley Haile,Belly Up,Solana Beach,CA,2026-10-13,False,56,10,34,41.3,41.3,40.331283500830835,-0.023,flat,12400.0
rZ7HnEZ1AfraaN,"Geoff Tate — The Coach House, San Juan Capistrano ($54 fcst $55→)",Geoff Tate,Geoff Tate: Operation Mindcrime,The Coach House,San Juan Capistrano,CA,2026-09-28,False,56,10,34,54.35,54.35,55.26526394248593,0.017,flat,3480.0
rZ7HnEZ1AfPZuS,"Quicksand — Belly Up, Solana Beach ($44 fcst $42→)",Quicksand,"Quicksand, Bane, Soul Blind",Belly Up,Solana Beach,CA,2026-08-12,False,56,10,34,44.3,44.3,42.45727942810364,-0.042,flat,1170.0
rZ7HnEZ1AfPZfN,"Quicksand — Strummer's, Fresno ($38 fcst $38→)",Quicksand,"Quicksand, Bane, Soul Blind",Strummer's,Fresno,CA,2026-08-14,False,56,10,34,38.01,38.01,37.98541031489595,-0.001,flat,1170.0
rZ7HnEZ1Af0ypd,"Quicksand — Bottom Lounge, Chicago ($47 fcst $47→)",Quicksand,Quicksand & Bane,Bottom Lounge,Chicago,IL,2026-08-26,False,56,10,34,47.32,47.32,46.990191656498304,-0.007,flat,1170.0
rZ7HnEZ1AfP6uS,"Rolling Quartz — MadLife Stage & Studios, Woodstock ($36 fcst $36→)",Rolling Quartz,ROLLING QUARTZ [MY TURN] 2026 TOUR in Atlanta,MadLife Stage & Studios,Woodstock,GA,2026-07-27,False,44,5,38,36.29,36.29,36.29,0.0,flat,822000.0
rZ7HnEZ1Af-x4d,"Matthew West — Bayside Church - El Dorado Hills Campus, El Dorado Hills ($34 fcst $34→)",Matthew West,"Matthew West: Jesus Is King Tour - El Dorado Hills (Sacramento), CA",Bayside Church - El Dorado Hills Campus,El Dorado Hills,CA,2026-09-24,False,56,8,35,33.6,33.6,34.39007695502703,0.024,flat,694000.0
rZ7HnEZ1Af-8fK,"Matthew West — Church For All Nations, Tacoma ($28 fcst $29→)",Matthew West,"Matthew West: Jesus Is King Tour - Tacoma, WA",Church For All Nations,Tacoma,WA,2026-09-19,False,56,8,35,27.62,27.62,28.50873674792946,0.032,flat,694000.0
rZ7HnEZ1Af-8qN,"Matthew West — Friends Church, Yorba Linda ($28 fcst $28→)",Matthew West,"Matthew West: Jesus Is King Tour - Yorba Linda (Orange County), CA",Friends Church,Yorba Linda,CA,2026-10-02,False,56,8,35,27.62,27.62,27.981779304875975,0.013,flat,694000.0
rZ7HnEZ1Af-8pK,"Matthew West — Summit Christian Church, Sparks ($28 fcst $28→)",Matthew West,"Matthew West: Jesus Is King Tour - Sparks (Reno), NV",Summit Christian Church,Sparks,NV,2026-09-22,False,56,8,35,27.62,27.62,28.410076955027026,0.029,flat,694000.0
rZ7HnEZ1Af-8oS,"Matthew West — Rolling Hills Community Church, Tualatin ($28 fcst $28→)",Matthew West,"Matthew West: Jesus Is King Tour - Tualatin (Portland), OR",Rolling Hills Community Church,Tualatin,OR,2026-09-18,False,56,8,35,27.62,27.62,28.3227930171737,0.025,flat,694000.0
rZ7HnEZ1Af-8GK,"Matthew West — Southern Hills Baptist Church, Oklahoma City ($28 fcst $28→)",Matthew West,"Matthew West: Jesus Is King Tour - Oklahoma City, OK",Southern Hills Baptist Church,Oklahoma City,OK,2026-09-13,False,56,8,35,27.62,27.62,28.272555829156666,0.024,flat,694000.0
rZ7HnEZ1Af-8Qd,"Matthew West — Packinghouse Christian Fellowship, Redlands ($28 fcst $28→)",Matthew West,"Matthew West: Jesus Is King Tour - Redlands (Inland Empire), CA",Packinghouse Christian Fellowship,Redlands,CA,2026-09-25,False,56,8,35,27.62,27.62,28.410076955027026,0.029,flat,694000.0
rZ7HnEZ1Af--fS,"Matthew West — Porterville Church of the Nazarene, Porterville ($28 fcst $28→)",Matthew West,"Matthew West: Jesus Is King Tour - Porterville, CA",Porterville Church of the Nazarene,Porterville,CA,2026-09-26,False,56,8,35,27.62,27.62,28.410076955027026,0.029,flat,694000.0
rZ7HnEZ1Af-v0S,"Matthew West — LifeFamily Mueller, Austin ($28 fcst $28→)",Matthew West,"Matthew West: Jesus Is King Tour - Austin, TX",LifeFamily Mueller,Austin,TX,2026-09-10,False,56,8,35,27.62,27.62,28.31913853112142,0.025,flat,694000.0
rZ7HnEZ1Af-8kK,"Matthew West — Grace Church of Humble, Humble ($28 fcst $28→)",Matthew West,"Matthew West: Jesus Is King Tour - Humble (Houston), TX",Grace Church of Humble,Humble,TX,2026-09-11,False,56,8,35,27.62,27.62,28.31913853112142,0.025,flat,694000.0
rZ7HnEZ1Af-8ud,"Matthew West — Edgewater Christian Fellowship, Grants Pass ($28 fcst $28→)",Matthew West,"Matthew West: Jesus Is King Tour - Grants Pass, OR",Edgewater Christian Fellowship,Grants Pass,OR,2026-09-17,False,56,8,35,27.62,27.62,28.3227930171737,0.025,flat,694000.0
rZ7HnEZ1Af-8xK,"Matthew West — Mountain Park Church, Phoenix ($34 fcst $34→)",Matthew West,"Matthew West: Jesus Is King Tour - Phoenix, AZ",Mountain Park Church,Phoenix,AZ,2026-10-03,False,56,8,35,33.6,33.6,33.961779304875975,0.011,flat,694000.0
rZ7HnEZ1Af0M7N,"Jenna Raine — Middle East - Upstairs, Cambridge ($93 fcst $89→)",Jenna Raine,"Jenna Raine, Ava Liv Mabry",Middle East - Upstairs,Cambridge,MA,2026-09-23,False,56,9,34,92.66,92.66,88.86098240417549,-0.041,flat,446000.0
rZ7HnEZ1AfqZrK,"Sex Pistols — Marathon Music Works, Nashville ($81 fcst $78→)",Sex Pistols,"SEX PISTOLS (Steve Jones, Paul Cook, Glen Matlock) featuring Frank Carter",Marathon Music Works,Nashville,TN,2026-09-15,False,56,9,34,81.14,81.14,78.3050357206505,-0.035,flat,437000.0
rZ7HnEZ1AfP9AK,"Lauren Sanderson — 9th St. Parallel at Knitting Factory, Boise ($135 fcst $133→)",Lauren Sanderson,Lauren Sanderson,9th St. Parallel at Knitting Factory,Boise,ID,2026-09-26,False,56,9,34,134.57,134.57,133.46800890853578,-0.008,flat,174000.0
rZ7HnEZ1AKJdO0,"Hammerfall — Hobart Art Theatre, Hobart ($48 fcst $49→)",Hammerfall,HAMMERFALL With EVERGREY & ELVENKING,Hobart Art Theatre,Hobart,IN,2026-09-26,False,56,10,33,48.27,48.27,48.64672102059693,0.008,flat,108000.0
rZ7HnEZ1AKJ7q0,"Hammerfall — The Mercury Music Lounge, Lakewood ($36 fcst $37→)",Hammerfall,HammerFall - Freedom World Crusade North America 2026,The Mercury Music Lounge,Lakewood,OH,2026-09-23,False,56,10,33,35.51,35.51,36.532191466681496,0.029,flat,108000.0
rZ7HnEZ1AKJF-V,"Hammerfall — The Liberty Belle - Rocks Off Concert Cruise, New York ($49 fcst $49→)",Hammerfall,HAMMERFALL CONCERT CRUISE W/ EVERGREY and ELEVENKING,The Liberty Belle - Rocks Off Concert Cruise,New York,NY,2026-09-15,False,56,10,33,49.06,49.06,49.44681013291582,0.008,flat,108000.0
rZ7HnEZ1AKJ8r7,"Hammerfall — Whisky A Go Go, West Hollywood ($39 fcst $39→)",Hammerfall,"Hammerfall, Evergrey, Elvenking, Nox Sinister, Edge of Insanity, Prima Donna Rising",Whisky A Go Go,West Hollywood,CA,2026-10-02,False,56,10,33,38.6,38.6,38.976721020596926,0.01,flat,108000.0
rZ7HnEZ1Af_UuN,"Hammerfall — The Coach House, San Juan Capistrano ($44 fcst $44→)",Hammerfall,Hammerfall with Special Guests Evergrey and Elvenking,The Coach House,San Juan Capistrano,CA,2026-10-03,False,56,10,33,44.05,44.05,44.42672102059692,0.009,flat,108000.0
rZ7HnEZ1Afr4uS,"The Movement — The Refinery, Charleston ($46 fcst $45→)",The Movement,THE MOVEMENT & PEPPER - HIGH TIDE SUMMER TOUR,The Refinery,Charleston,SC,2026-09-05,False,56,8,35,46.31,46.31,45.23859556683481,-0.023,flat,71600.0
rZ7HnEZ1Af04Gd,"Anthony Green — Oscura, Bradenton ($36 fcst $36→)",Anthony Green,Anthony Green - This Tour Won't Save You with Special Guests GOON and Keith Goodwin,Oscura,Bradenton,FL,2026-08-18,False,56,7,36,35.71,35.71,35.56515284210024,-0.004,flat,45600.0
rZ7HnEZ1AfPb3d,"Anthony Green — Chelsea’s Live, Baton Rouge ($37 fcst $37→)",Anthony Green,Anthony Green This Tour Won’t Save You with Keith Goodwin and GOON,Chelsea’s Live,Baton Rouge,LA,2026-08-16,False,56,7,36,36.99,36.99,36.84515284210024,-0.004,flat,45600.0
rZ7HnEZ1Af04ad,"Anthony Green — Williams Center - Black Box - Rutherford, Rutherford ($40 fcst $40→)",Anthony Green,Anthony Green - This Tour Wont Save You - Featuring: Maps and Atlases + Keith Goodwin,Williams Center - Black Box - Rutherford,Rutherford,NJ,2026-08-29,False,56,7,36,39.79,39.79,39.63463678494935,-0.004,flat,45600.0
rZ7HnEZ1Af-OfK,"Black Flag — Nikki Lopez Philly, Philadelphia ($49 fcst $48→)",Black Flag,Black Flag,Nikki Lopez Philly,Philadelphia,PA,2026-09-27,False,56,8,35,48.52,48.52,48.18978307433211,-0.007,flat,36800.0
rZ7HnEZ1Af-F8S,"Black Flag — The Token Lounge, Westland ($24 fcst $24→)",Black Flag,BLACK FLAG,The Token Lounge,Westland,MI,2026-09-19,False,56,8,35,24.38,24.38,23.961541099553852,-0.017,flat,36800.0
rZ7HnEZ1Af-U0S,"Black Flag — The Mercury Music Lounge, Lakewood ($30 fcst $30→)",Black Flag,BLACK FLAG,The Mercury Music Lounge,Lakewood,OH,2026-09-20,False,56,8,35,30.36,30.36,29.889244848220414,-0.016,flat,36800.0
rZ7HnEZ1Af0Pod,"Black Flag — The Brass Mug, Tampa ($31 fcst $30→)",Black Flag,Black Flag,The Brass Mug,Tampa,FL,2026-10-07,False,56,8,35,30.63,30.63,30.299783074332105,-0.011,flat,36800.0
rZ7HnEZ1AfFSj0,"Black Flag — The Liberty, Roswell ($37 fcst $36→)",Black Flag,Black Flag,The Liberty,Roswell,NM,2026-10-12,False,35,8,35,36.71,36.71,36.37978307433211,-0.009,flat,36800.0
rZ7HnEZ1Af0P8K,"Black Flag — Eclipse, Jacksonville ($28 fcst $28→)",Black Flag,Black Flag,Eclipse,Jacksonville,FL,2026-10-06,False,56,8,35,28.08,28.08,27.749783074332104,-0.012,flat,36800.0
rZ7HnEZ1Af0PoN,"Black Flag — West End Trading Company, Sanford ($31 fcst $30→)",Black Flag,Black Flag,West End Trading Company,Sanford,FL,2026-10-08,False,56,8,35,30.63,30.63,30.299783074332105,-0.011,flat,36800.0
rZ7HnEZ1Afx6qS,"Wednesday 13 — The Mercury Music Lounge, Lakewood ($28 fcst $28→)",Wednesday 13,Wednesday 13 - Shocktober Blood Tour,The Mercury Music Lounge,Lakewood,OH,2026-10-11,False,56,9,34,28.3,28.3,27.583273367982734,-0.025,flat,31400.0
rZ7HnEZ1AfPU4K,"Built To Spill — Williams Center - Black Box - Rutherford, Rutherford ($47 fcst $46→)",Built To Spill,The Williams Center and Todd Abramson Presents: Built To Spill with special guests Quasi,Williams Center - Black Box - Rutherford,Rutherford,NJ,2026-11-07,False,51,8,35,46.94,46.94,45.59542820942496,-0.029,flat,29700.0
rZ7HnEZ1AfjMPd,"Built To Spill — Belly Up, Solana Beach ($53 fcst $52→)",Built To Spill,"Built To Spill, PLAYDEAD",Belly Up,Solana Beach,CA,2026-08-28,False,56,8,35,53.05,53.05,51.590973720869606,-0.028,flat,29700.0
rZ7HnEZ1AfrKJK,"Built To Spill — Tipitina's, New Orleans ($46 fcst $44→)",Built To Spill,Built To Spill,Tipitina's,New Orleans,LA,2026-09-27,False,56,8,35,45.71,45.71,43.91753081928908,-0.039,flat,29700.0
rZ7HnEZ1Afxv0d,"Pertinence — Will's Pub, Orlando ($24 fcst $23→)",Pertinence,"Pertinence ""The Untimely Timing of Divine Timing"" Tour in Orlando",Will's Pub,Orlando,FL,2026-09-19,False,56,9,34,24.04,24.04,23.229683408240255,-0.034,flat,22700.0
rZ7HnEZ1Af-b-N,"Pertinence — Middle East - Upstairs, Cambridge ($27 fcst $26→)",Pertinence,Pertinence,Middle East - Upstairs,Cambridge,MA,2026-09-26,False,56,9,34,27.27,27.27,26.2704629540867,-0.037,flat,22700.0
rZ7HnEZ1Af-ZqK,"Pertinence — Nikki Lopez Philly, Philadelphia ($23 fcst $22→)",Pertinence,Pertinence,Nikki Lopez Philly,Philadelphia,PA,2026-09-24,False,56,9,34,22.73,22.73,21.7304629540867,-0.044,flat,22700.0
rZ7HnEZ1AfOaJd,"Friko — The Loving Touch, Ferndale ($30 fcst $28→)",Friko,Kickstand Productions Presents Friko - Something Worth Waiting For: The Tour,The Loving Touch,Ferndale,MI,2026-10-17,False,56,9,34,29.58,29.58,28.2556862824924,-0.045,flat,5600.0
rZ7HnEZ1AfOPqS,"Friko — Baba Yaga, Seattle ($33 fcst $32→)",Friko,Friko,Baba Yaga,Seattle,WA,2026-09-25,False,56,9,34,33.33,33.33,32.005686282492405,-0.04,flat,5600.0
rZ7HnEZ1AfObOS,"Friko — Valley Bar, Phoenix ($32 fcst $31→)",Friko,FRIKO - SOMETHING WORTH WAITING FOR: THE TOUR,Valley Bar,Phoenix,AZ,2026-09-18,False,56,9,34,31.92,31.920000000000005,30.60927397874806,-0.041,flat,5600.0
rZ7HnEZ1AfPEOS,"Ethan Regan — The Basement East, Nashville ($119 fcst $124→)",Ethan Regan,Ethan Regan - Young Regan Tour w/ Lily Kershaw,The Basement East,Nashville,TN,2026-11-22,False,56,9,34,118.72,118.72,123.75947088705422,0.042,flat,5410.0
rZ7HnEZ1AfjK3d,"Osees — Fete Music Hall, Providence ($39 fcst $40→)",Osees,Osees Ft. Brigid Dawson w/ Traps PS,Fete Music Hall,Providence,RI,2026-10-21,False,56,9,34,38.98,38.97999999999999,39.80294480497916,0.021,flat,2840.0
rZ7HnEZ1AfFeu0,"Spineshank — Whisky A Go Go, West Hollywood ($33 fcst $33→)",Spineshank,"Spineshank, Hed PE, Dark Horse Prophet,  Echo Spine, Deathtape, Hollow Zoo",Whisky A Go Go,West Hollywood,CA,2026-08-27,False,43,8,35,33.45,33.45,33.28776003174487,-0.005,flat,0.0
rZ7HnEZ1AfJFFN,"Vini Vici — The Church Nightclub, Denver ($25 fcst $26→)",Vini Vici,Vini Vici,The Church Nightclub,Denver,CO,2026-08-21,False,35,7,35,24.95,24.95,25.60117496349004,0.026,flat,474000.0
rZ7HnEZ1Af0A3K,"glaive — Mr Smalls Theatre, Millvale ($37 fcst $36→)",glaive,glaive God Save The Three Tour with Tiffany Day and Kurtains,Mr Smalls Theatre,Millvale,PA,2026-10-03,False,56,7,35,37.06,37.06,36.30732613670703,-0.02,flat,189000.0
rZ7HnEZ1AfPS4d,"Naomi Sharon — Howard Theatre, Washington ($136 fcst $136→)",Naomi Sharon,Naomi Sharon,Howard Theatre,Washington,DC,2026-09-20,False,56,9,33,135.7,135.7,136.0469713743412,0.003,flat,105000.0
rZ7HnEZ1AfPU1d,"All Shall Perish — Strummer's, Fresno ($39 fcst $41→)",All Shall Perish,"All Shall Perish, Carnifex, Extermination Dismemberment, Mauled",Strummer's,Fresno,CA,2026-09-04,False,56,9,33,39.04,39.04,40.64840167979196,0.041,flat,29700.0
rZ7HnEZ1Af0pvK,"Elder — Music Box, San Diego ($42 fcst $42→)",Elder,"Elder, Blackwater Holylight",Music Box,San Diego,CA,2026-09-17,False,56,9,33,42.16,42.16,41.75266725171325,-0.01,flat,27700.0
rZ7HnEZ1Af0K4d,"Elder — Music Box, San Diego ($44 fcst $44→)",Elder,Elder with special guests,Music Box,San Diego,CA,2026-09-17,False,56,9,33,44.45,44.45,44.042667251713254,-0.009,flat,27700.0
rZ7HnEZ1AfPK_N,"Love Spells — Valley Bar, Phoenix ($29 fcst $29→)",Love Spells,LOVE SPELLS - LOVE IS THE LAW WORLD TOUR,Valley Bar,Phoenix,AZ,2026-09-12,False,56,9,33,28.83,28.83,29.055263090215206,0.008,flat,20500.0
rZ7HnEZ1AfF9q0,"Love Spells — Night Club 101, New York ($27 fcst $27→)",Love Spells,"Love Spells, Orca",Night Club 101,New York,NY,2026-09-21,False,40,9,33,27.22,27.22,27.129660323975795,-0.003,flat,20500.0
rZ7HnEZ1AfPK3K,"The Lone Bellow — Belly Up, Solana Beach ($41 fcst $41→)",The Lone Bellow,"The Lone Bellow - ""What a Time to Be Alive"" Tour 2026 w/ Grizfolk",Belly Up,Solana Beach,CA,2026-09-27,False,56,7,35,41.3,41.3,41.2385225593931,-0.001,flat,20300.0
rZ7HnEZ1Afk4jV,"Katie Pruitt — Valley Bar, Phoenix ($35 fcst $35→)",Katie Pruitt,KATIE PRUITT - FOOLS FOR THE FLEETING TOUR,Valley Bar,Phoenix,AZ,2026-10-26,False,52,9,33,34.75,34.75,34.66322042578563,-0.002,flat,18800.0
rZ7HnEZ1Afxv0S,"Nitzer Ebb — Crescent Ballroom, Phoenix ($46 fcst $46→)",Nitzer Ebb,NITZER EBB - NITZER EBB USA 2026,Crescent Ballroom,Phoenix,AZ,2026-09-09,False,56,7,35,46.34,46.34,46.15554991137154,-0.004,flat,11200.0
rZ7HnEZ1AfOoad,"Nitzer Ebb — Music Box, San Diego ($45 fcst $45→)",Nitzer Ebb,NITZER EBB USA 2026,Music Box,San Diego,CA,2026-09-06,False,56,7,35,45.36,45.36,45.17554991137153,-0.004,flat,11200.0
rZ7HnEZ1Af-g8N,"Nitzer Ebb — The Magic Bag, Ferndale ($43 fcst $43→)",Nitzer Ebb,Magic Bag Presents: NITZER EBB USA 2026,The Magic Bag,Ferndale,MI,2026-08-21,False,56,7,35,43.1,43.1,42.98435065751784,-0.003,flat,11200.0
rZ7HnEZ1Af-y8d,"Nitzer Ebb — The Abbey, Orlando ($45 fcst $44→)",Nitzer Ebb,Nitzer Ebb in Orlando,The Abbey,Orlando,FL,2026-09-18,False,56,7,35,45.06,45.06,43.60300248664842,-0.032,flat,11200.0
rZ7HnEZ1AfkkvV,"Soda Blonde — Sunset Tavern, Seattle ($32 fcst $31→)",Soda Blonde,Soda Blonde,Sunset Tavern,Seattle,WA,2026-09-27,False,56,9,33,32.09,32.09,30.76568628249241,-0.041,flat,4520.0
rZ7HnEZ1AfO-0S,"Sub Urban — Las Rosas, Miami ($34 fcst $36→)",Sub Urban,"Sub Urban ""The Bell Tolls"" Tour in Miami",Las Rosas,Miami,FL,2026-10-13,False,56,6,35,34.15,34.15,35.85443094975644,0.05,flat,6430000.0
rZ7HnEZ1AfavZf,"Mari Froes — Music Box, San Diego ($40 fcst $40→)",Mari Froes,Mari Froes,Music Box,San Diego,CA,2026-10-04,False,33,8,33,39.59,39.59,40.2118681566037,0.016,flat,1020000.0
rZ7HnEZ1AfPZeK,"moe. — Belly Up, Solana Beach ($67 fcst $69→)",moe.,moe. - An Evening with,Belly Up,Solana Beach,CA,2026-10-18,False,56,8,33,66.55,66.55,68.68993990967428,0.032,flat,535000.0
rZ7HnEZ1Afr6xK,"Red Leather — Conduit, Winter Park ($30 fcst $30→)",Red Leather,Red Leather - Tahoe Tour in Orlando,Conduit,Winter Park,FL,2026-11-18,False,56,7,34,29.71,29.71,29.930794539715546,0.007,flat,473000.0
rZ7HnEZ1AfPOFN,"Red Leather — Strummer's, Fresno ($137 fcst $140→)",Red Leather,WesGhost & Red Leather – RedGhost Tour,Strummer's,Fresno,CA,2026-09-25,False,56,7,34,137.33,137.33,139.64979646734542,0.017,flat,473000.0
rZ7HnEZ1Afr70S,"Red Leather — The Basement East, Nashville ($30 fcst $30→)",Red Leather,RED LEATHER – TAHOE TOUR,The Basement East,Nashville,TN,2026-11-15,False,56,7,34,29.88,29.88,30.100794539715544,0.007,flat,473000.0
rZ7HnEZ1Afr60K,"Red Leather — Albatross, Jacksonville ($28 fcst $28→)",Red Leather,Red Leather - Tahoe Tour in Jacksonville,Albatross,Jacksonville,FL,2026-11-19,False,56,7,34,27.51,27.51,27.730794539715546,0.008,flat,473000.0
rZ7HnEZ1AfOZ_S,"Tank and the Bangas — Crescent Ballroom, Phoenix ($37 fcst $36→)",Tank and the Bangas,TANK AND THE BANGAS - THE LAST BALLOON TOUR,Crescent Ballroom,Phoenix,AZ,2026-11-17,False,56,8,33,36.81,36.81,36.22549250082484,-0.016,flat,119000.0
rZ7HnEZ1Afr4Pd,"Tank and the Bangas — The Crocodile, Seattle ($49 fcst $49→)",Tank and the Bangas,Tank and The Bangas - The Last Balloon Tour 2026 w/ Ariel J. & Zeus,The Crocodile,Seattle,WA,2026-11-10,False,56,8,33,49.36,49.36,48.9708975467773,-0.008,flat,119000.0
rZ7HnEZ1Afr9PS,"Tank and the Bangas — Off Broadway, Saint Louis ($36 fcst $35→)",Tank and the Bangas,Tank and the Bangas: The Last Balloon Tour 2026,Off Broadway,Saint Louis,MO,2026-10-25,False,56,8,33,36.01,36.01,35.37569112357776,-0.018,flat,119000.0
rZ7HnEZ1AfrfFS,"Tank and the Bangas — Thalia Hall, Chicago ($40 fcst $39→)",Tank and the Bangas,Tank and The Bangas - The Last Balloon Tour with Ariel J. and Zeus,Thalia Hall,Chicago,IL,2026-10-24,False,56,8,33,39.96,39.96,39.32569112357776,-0.016,flat,119000.0
rZ7HnEZ1Afqa7N,"Arlo Parks — Howard Theatre, Washington ($45 fcst $43→)",Arlo Parks,Arlo Parks,Howard Theatre,Washington,DC,2026-08-29,False,56,7,34,44.54,44.54,43.47606654193806,-0.024,flat,108000.0
rZ7HnEZ1Af0ZOS,"Pokey LaFarge — The Magic Bag, Ferndale ($38 fcst $38→)",Pokey LaFarge,Kickstand Productions Presents: Pokey LaFarge wsg Cicada Rhythm,The Magic Bag,Ferndale,MI,2026-09-17,False,56,8,33,37.71,37.71,37.52756985847752,-0.005,flat,61700.0
rZ7HnEZ1AfF8x7,"Hail the Sun — SLO Brew Rock, San Luis Obispo ($42 fcst $40→)",Hail the Sun,"Hail The Sun, A Lot Like Birds, Blight Town, Murals",SLO Brew Rock,San Luis Obispo,CA,2026-09-08,False,43,7,34,42.13,42.13000000000001,40.19602353984551,-0.046,flat,36600.0
rZ7HnEZ1AfOduS,"The Expendables — Grog Shop, Cleveland Heights ($31 fcst $31→)",The Expendables,"The Expendables, Chad Tepper, Sons of Paradise",Grog Shop,Cleveland Heights,OH,2026-08-09,False,56,7,34,31.36,31.36,31.26247402893239,-0.003,flat,1110.0
rZ7HnEZ1Af09vS,"Powerman 5000 — Transplants Brewing Company, Palmdale ($36 fcst $36→)",Powerman 5000,POWERMAN 5000 WITH DESMADRE AND MAKES MY BLOOD DANCE  LIVE IN PALMDALE AT TRANSPLANTS,Transplants Brewing Company,Palmdale,CA,2026-09-04,False,56,8,32,36.01,36.01,35.570898751230224,-0.012,flat,144000.0
rZ7HnEZ1Af0Kad,"Powerman 5000 — Joshua Hall, Ridgecrest ($36 fcst $35→)",Powerman 5000,POWERMAN 5000 WITH DESMADRE AND MAKES MY BLOOD DANCE LIVE IN CONCERT IN RIDGECREST AT JOSHUA HALL,Joshua Hall,Ridgecrest,CA,2026-09-13,False,56,8,32,36.01,36.01,35.11107004114642,-0.025,flat,144000.0
rZ7HnEZ1AfAF80,"Powerman 5000 — Hobart Art Theatre, Hobart ($30 fcst $30→)",Powerman 5000,Powerman 5000,Hobart Art Theatre,Hobart,IN,2026-08-22,False,56,8,32,30.36,30.36,29.65589982726022,-0.023,flat,144000.0
rZ7HnEZ1Af0dON,"REZN — Thalia Hall, Chicago ($34 fcst $33→)",REZN,REZN - Cycles in the Infinite Dream Tour with Cloakroom and DIM,Thalia Hall,Chicago,IL,2026-09-19,False,56,8,32,33.52,33.52,32.72036299470442,-0.024,flat,4990.0
rZ7HnEZ1Af0o8N,"REZN — Middle East - Upstairs, Cambridge ($28 fcst $28→)",REZN,"REZN, Lockstep, Slow Quit",Middle East - Upstairs,Cambridge,MA,2026-08-30,False,56,8,32,27.79,27.79,27.511859362035672,-0.01,flat,4990.0
rZ7HnEZ1Af0k8N,"REZN — Conduit, Winter Park ($28 fcst $27→)",REZN,Rezn - Cycles in the Infinite Dream Tour in Orlando,Conduit,Winter Park,FL,2026-09-06,False,56,8,32,27.51,27.51,27.35496570226388,-0.006,flat,4990.0
rZ7HnEZ1Af0ood,"REZN — Baba Yaga, Seattle ($30 fcst $28→)",REZN,REZN,Baba Yaga,Seattle,WA,2026-10-20,False,56,8,32,29.73,29.73,28.474566581470878,-0.042,flat,4990.0
rZ7HnEZ1AfF3G0,"Cardinal Bloom — The Basement, Nashville ($25 fcst $24→)",Cardinal Bloom,Cardinal Bloom - Burn the House Tour,The Basement,Nashville,TN,2026-10-15,False,40,7,33,24.65,24.65,23.747140060859383,-0.037,flat,2220.0
rZ7HnEZ1AfF_Gf,"Cardinal Bloom — Middle East - Upstairs, Cambridge ($26 fcst $25→)",Cardinal Bloom,Cardinal Bloom - Burn the House Tour,Middle East - Upstairs,Cambridge,MA,2026-10-08,False,40,7,33,25.73,25.73,24.827140060859385,-0.035,flat,2220.0
rZ7HnEZ1Afadu0,"Broadway Rave — The District, Spokane ($24 fcst $24→)",Broadway Rave,Broadway Rave,The District,Spokane,WA,2026-08-14,False,31,15,25,24.1,24.1,23.79734919055819,-0.013,flat,26.0
rZ7HnEZ1AfP6uN,"Rolling Quartz — Riverside Revival, Nashville ($36 fcst $36→)",Rolling Quartz,ROLLING QUARTZ [MY TURN] 2026 TOUR in Nashville,Riverside Revival,Nashville,TN,2026-07-24,False,41,4,35,36.29,36.29,36.29,0.0,flat,822000.0
rZ7HnEZ1Af0fPS,"Tank and the Bangas — Blue Note Los Angeles, Los Angeles ($19 fcst $18→)",Tank and the Bangas,Tank and The Bangas,Blue Note Los Angeles,Los Angeles,CA,2026-11-15,False,32,7,32,18.8,18.8,18.215492500824837,-0.031,flat,119000.0
rZ7HnEZ1Af0fPN,"Tank and the Bangas — Blue Note Los Angeles, Los Angeles ($19 fcst $18→)",Tank and the Bangas,Tank and The Bangas,Blue Note Los Angeles,Los Angeles,CA,2026-11-15,False,32,7,32,18.8,18.8,18.215492500824837,-0.031,flat,119000.0
rZ7HnEZ1Af0fPd,"Tank and the Bangas — Blue Note Los Angeles, Los Angeles ($19 fcst $18→)",Tank and the Bangas,Tank and The Bangas,Blue Note Los Angeles,Los Angeles,CA,2026-11-14,False,32,7,32,18.8,18.8,18.215492500824837,-0.031,flat,119000.0
rZ7HnEZ1Af0fPK,"Tank and the Bangas — Blue Note Los Angeles, Los Angeles ($19 fcst $18→)",Tank and the Bangas,Tank and The Bangas,Blue Note Los Angeles,Los Angeles,CA,2026-11-14,False,32,7,32,18.8,18.8,18.215492500824837,-0.031,flat,119000.0
rZ7HnEZ1AfFtbV,"Osees — Cardiff State Beach – Seaside Beach, Solana Beach ($85 fcst $86→)",Osees,"Osees, Unwritten Law, Bully, Yoke Lore, Mt Warning, Jack Shields & The Mojave Rush, Emily Afton",Cardiff State Beach – Seaside Beach,Solana Beach,CA,2026-09-12,False,32,7,32,85.45,85.45,85.57058061306121,0.001,flat,2840.0
rZ7HnEZ1Af0g0d,"Fitz and The Tantrums — Belly Up, Solana Beach ($56 fcst $56→)",Fitz and The Tantrums,Fitz and The Tantrums - Greatest Hits Show,Belly Up,Solana Beach,CA,2026-11-04,False,56,5,33,55.55,55.55,56.27950529061898,0.013,flat,539000.0
rZ7HnEZ1Af0g-S,"Fitz and The Tantrums — Belly Up, Solana Beach ($56 fcst $56→)",Fitz and The Tantrums,Fitz and The Tantrums – Picking Up The Pieces In Its Entirety,Belly Up,Solana Beach,CA,2026-11-03,False,56,5,33,55.55,55.55,56.27950529061898,0.013,flat,539000.0
rZ7HnEZ1AfOsON,"Silverada — The Magic Bag, Ferndale ($29 fcst $28→)",Silverada,Magic Bag Presents: Silverada,The Magic Bag,Ferndale,MI,2026-10-06,False,56,6,32,29.23,29.23,27.937224932957985,-0.044,flat,14800.0
rZ7HnEZ1AfOt-N,"Dave Hause & The Mermaid — Tractor, Seattle ($38 fcst $37→)",Dave Hause & The Mermaid,Tractor Presents: Dave Hause & The Mermaid x American Steel w/ Dead Bars AT The Sunset,Tractor,Seattle,WA,2026-10-02,False,56,6,32,38.47,38.47,36.7149002185473,-0.046,flat,8210.0
rZ7HnEZ1AfOdFN,"Dave Hause & The Mermaid — Tractor, Seattle ($38 fcst $37→)",Dave Hause & The Mermaid,Tractor Presents: Dave Hause & The Mermaid x American Steel AT The Sunset,Tractor,Seattle,WA,2026-10-03,False,56,6,32,38.47,38.47,36.7149002185473,-0.046,flat,8210.0
rZ7HnEZ1Afxp_d,"Son Volt — The Crocodile, Seattle ($44 fcst $41→)",Son Volt,"Son Volt, Kelly Willis",The Crocodile,Seattle,WA,2026-11-13,False,56,6,32,43.63,43.63,41.48853684628245,-0.049,flat,7200.0
rZ7HnEZ1AfqAbN,"Greg Mendez — The Southgate House Revival - Sanctuary, Newport ($24 fcst $23→)",Greg Mendez,"GREG MENDEZ + Maria BC, Sappha",The Southgate House Revival - Sanctuary,Newport,KY,2026-08-24,False,56,6,32,23.62,23.62,23.36469383570097,-0.011,flat,1190.0
rZ7HnEZ1AfP6uK,"Rolling Quartz — Woodward Theater, Cincinnati ($36 fcst $36→)",Rolling Quartz,ROLLING QUARTZ [MY TURN] 2026 TOUR in Cincinnati,Woodward Theater,Cincinnati,OH,2026-07-22,False,39,4,33,36.29,36.29,36.29,0.0,flat,822000.0
rZ7HnEZ1Af0dOK,"Nonpoint — District 142, Wyandotte ($39 fcst $39→)",Nonpoint,"NONPOINT wsg SOiL, Spineshank and (Hed) P.E.",District 142,Wyandotte,MI,2026-07-31,False,48,6,31,38.7,38.7,38.7,0.0,flat,131000.0
rZ7HnEZ1Af-aGN,"Lip Critic — Rumba Cafe, Columbus ($20 fcst $20→)",Lip Critic,Lip Critic w/ Touchdown Jesus *LOW TIX WARNING*,Rumba Cafe,Columbus,OH,2026-08-06,False,54,7,30,20.0,20.0,20.0,0.0,flat,4440.0
rZ7HnEZ1AfP6GS,"Rolling Quartz — The King of Clubs, Columbus ($36 fcst $36→)",Rolling Quartz,ROLLING QUARTZ [MY TURN] 2026 TOUR in Columbus,The King of Clubs,Columbus,OH,2026-07-21,False,38,4,32,36.29,36.29,36.29,0.0,flat,822000.0
rZ7HnEZ1AfJ70S,"Thee Sinseers — Tioga Sequoia Brewery , Fresno ($43 fcst $43→)",Thee Sinseers,"Thee Sinseers, The Altons, Introverted Funk",Tioga Sequoia Brewery ,Fresno,CA,2026-08-09,False,56,4,32,43.16,43.16,43.03557279628036,-0.003,flat,31100.0
rZ7HnEZ1Afq7Od,"Old 97's — Crescent Ballroom, Phoenix ($41 fcst $41→)",Old 97's,OLD 97s,Crescent Ballroom,Phoenix,AZ,2026-08-09,False,56,5,31,41.19,41.19,41.10121490353326,-0.002,flat,13100.0
rZ7HnEZ1AfqAuS,"Old 97's — Belly Up, Solana Beach ($44 fcst $44→)",Old 97's,Old 97's - 2026 Tour w/ River Shook,Belly Up,Solana Beach,CA,2026-08-08,False,56,5,31,44.3,44.3,44.3,0.0,flat,13100.0
rZ7HnEZ1AfAspf,"Buck Meek — The Crocodile, Seattle ($37 fcst $36→)",Buck Meek,"Buck Meek, Kisser",The Crocodile,Seattle,WA,2026-12-02,False,56,3,33,37.35,37.35,35.61883778265525,-0.046,flat,4250.0
rZ7HnEZ1AfAMP0,"Buck Meek — Moe's Alley, Santa Cruz ($34 fcst $32→)",Buck Meek,(((folkYEAH!))) Presents - Buck Meek w/ Kisser,Moe's Alley,Santa Cruz,CA,2026-12-08,False,55,3,33,33.86,33.86,32.22866723126194,-0.048,flat,4250.0
rZ7HnEZ1Afk6a7,"The Beths — SOMA - Mainstage, San Diego ($53 fcst $53→)",The Beths,Beach Bunny & The Beths,SOMA - Mainstage,San Diego,CA,2026-08-06,False,54,5,30,52.75,52.75,52.75,0.0,flat,47800.0
rZ7HnEZ1AfFsbf,"Sugar — Three Links Deep Ellum, Dallas ($12 fcst $12→)",Sugar,"Be//gotten, Sugar, Oresteia, Prisoner of War, Lips to God",Three Links Deep Ellum,Dallas,TX,2026-08-02,False,30,6,29,12.13,12.13,12.13,0.0,flat,39500.0
rZ7HnEZ1Afxf0S,"Finn Wolfhard — Crescent Ballroom, Phoenix ($154 fcst $160→)",Finn Wolfhard,FINN WOLFHARD - THE COMMON SIDE EFFECTS TOUR,Crescent Ballroom,Phoenix,AZ,2026-10-12,False,56,3,32,154.49,154.49,160.15744929927604,0.037,flat,36300.0
rZ7HnEZ1Afao07,"Galactic Empire — Nikki Lopez Philly, Philadelphia ($28 fcst $29→)",Galactic Empire,Galactic Empire,Nikki Lopez Philly,Philadelphia,PA,2026-09-15,False,30,6,29,28.31,28.31,28.980334443763653,0.024,flat,21500.0
rZ7HnEZ1Afa770,"Galactic Empire — Exit/In, Nashville ($30 fcst $31→)",Galactic Empire,Galactic Empire,Exit/In,Nashville,TN,2026-09-04,False,30,6,29,30.3,30.3,30.98350564599846,0.023,flat,21500.0
rZ7HnEZ1AfaouV,"Galactic Empire — Manchester Music Hall, Lexington ($24 fcst $25→)",Galactic Empire,Galactic Empire,Manchester Music Hall,Lexington,KY,2026-09-08,False,30,6,29,23.93,23.93,24.61350564599846,0.029,flat,21500.0
rZ7HnEZ1AfP6GN,"Rolling Quartz — Black Circle Brewing Co, Indianapolis ($36 fcst $36→)",Rolling Quartz,ROLLING QUARTZ [MY TURN] 2026 TOUR in Indianapolis,Black Circle Brewing Co,Indianapolis,IN,2026-07-19,False,36,4,30,36.29,36.29,36.29,0.0,flat,822000.0
rZ7HnEZ1AfFVuV,"The Temptations — Garden Amphitheatre, Garden Grove ($53 fcst $56→)",The Temptations,The Oldies Forever Tour,Garden Amphitheatre,Garden Grove,CA,2026-09-20,False,35,3,31,53.28,53.28,55.54427118423294,0.042,flat,737000.0
rZ7HnEZ1Af-YZK,"Bowling for Soup — Tipitina's, New Orleans ($51 fcst $49→)",Bowling for Soup,Bowling For Soup,Tipitina's,New Orleans,LA,2026-11-06,False,44,3,31,50.79,50.79,49.21953384417041,-0.031,flat,322000.0
rZ7HnEZ1Af03Cd,"Bilal — Star Theater, Portland ($45 fcst $44→)",Bilal,BILAL with Special Guest Yaya Bey,Star Theater,Portland,OR,2026-09-20,False,56,2,32,44.78,44.78,44.05250831900201,-0.016,flat,116000.0
rZ7HnEZ1Af0OCK,"Bilal — The Crocodile, Seattle ($55 fcst $55→)",Bilal,"Bilal, Yaya Bey",The Crocodile,Seattle,WA,2026-09-19,False,56,2,32,55.3,55.3,54.59273061339344,-0.013,flat,116000.0
rZ7HnEZ1Af04-S,"Bilal — Crescent Ballroom, Phoenix ($43 fcst $42→)",Bilal,BILAL,Crescent Ballroom,Phoenix,AZ,2026-09-28,False,56,2,32,43.25,43.25,42.42282473706411,-0.019,flat,116000.0
rZ7HnEZ1Af-xvK,"Willow Avalon — Crescent Ballroom, Phoenix ($32 fcst $32→)",Willow Avalon,WILLOW AVALON,Crescent Ballroom,Phoenix,AZ,2026-08-06,False,54,5,29,31.92,31.92,31.92,0.0,flat,40200.0
rZ7HnEZ1Af0s7N,"Dale Watson — Shank Hall, Milwaukee ($25 fcst $25→)",Dale Watson,Dale Watson,Shank Hall,Milwaukee,WI,2026-08-10,False,56,2,32,24.96,24.96,25.061648912813784,0.004,flat,2000.0
rZ7HnEZ1Af00oK,"Dale Watson — SPACE, Evanston ($34 fcst $34→)",Dale Watson,Dale Watson,SPACE,Evanston,IL,2026-08-11,False,56,2,32,33.9,33.9,33.82432798411854,-0.002,flat,2000.0
rZ7HnEZ1AfPsCd,"Dale Watson — Rumba Cafe, Columbus ($32 fcst $32→)",Dale Watson,Dale Watson & His Lone Stars w/ India Ramey - Used Kids Records' 40th Anniversary Bash Concert Series,Rumba Cafe,Columbus,OH,2026-10-01,False,56,2,32,32.0,32.0,32.35115050409728,0.011,flat,2000.0
rZ7HnEZ1Af-FGd,"Dale Watson — Tractor, Seattle ($31 fcst $31→)",Dale Watson,Dale Watson and His Lone Stars w/ DJ Marvelette,Tractor,Seattle,WA,2026-08-19,False,56,2,32,31.26,31.26,31.104897445635846,-0.005,flat,2000.0
rZ7HnEZ1AfP6Gd,"Rolling Quartz — Garden Theater at Midtown, Detroit ($37 fcst $37→)",Rolling Quartz,ROLLING QUARTZ [MY TURN] 2026 TOUR in Detroit,Garden Theater at Midtown,Detroit,MI,2026-07-18,False,35,4,29,37.29,37.29,37.29,0.0,flat,822000.0
rZ7HnEZ1AfAI4V,"Steve Earle — The Liberty, Roswell ($71 fcst $71→)",Steve Earle,Steve Earle - 51 Years of Songs & Stories with Danno Simpson,The Liberty,Roswell,NM,2026-08-09,False,56,2,31,70.6,70.6,71.05621669269415,0.006,flat,376000.0
rZ7HnEZ1Af-p1K,"Yard Act — Belly Up, Solana Beach ($33 fcst $33→)",Yard Act,"Yard Act, Bambara",Belly Up,Solana Beach,CA,2026-08-05,False,53,4,29,32.55,32.55,32.55,0.0,flat,30800.0
rZ7HnEZ1Af-zed,"Save Ferris — The Magic Bag, Ferndale ($35 fcst $35→)",Save Ferris,Magic Bag Presents: Save Ferris : It Means Everything - 29 Year Anniversary Tour,The Magic Bag,Ferndale,MI,2026-08-05,False,53,5,28,34.63,34.63,34.63,0.0,flat,19700.0
rZ7HnEZ1Af-b0d,"Save Ferris — Sony Hall, New York ($36 fcst $36→)",Save Ferris,Save Ferris w/ Midnight Foolishness,Sony Hall,New York,NY,2026-08-12,False,56,5,28,36.02,36.02,35.798921265665975,-0.006,flat,19700.0
rZ7HnEZ1AfAg00,"Save Ferris — The Arrow Room, Rancho Cucamonga ($37 fcst $35→)",Save Ferris,Save Ferris,The Arrow Room,Rancho Cucamonga,CA,2026-09-19,False,56,5,28,36.53,36.53,35.2816376573252,-0.034,flat,19700.0
rZ7HnEZ1Afxk-N,"Save Ferris — Chelsea’s Live, Baton Rouge ($26 fcst $26→)",Save Ferris,Save Ferris,Chelsea’s Live,Baton Rouge,LA,2026-08-26,False,56,5,28,25.94,25.94,25.614652087607112,-0.013,flat,19700.0
rZ7HnEZ1Af-F-K,"Save Ferris — The Southgate House Revival - Sanctuary, Newport ($29 fcst $29→)",Save Ferris,"Save Ferris ""It Means Everything - 29 Year Anniversary Tour""",The Southgate House Revival - Sanctuary,Newport,KY,2026-08-19,False,56,5,28,29.46,29.46,29.134652087607112,-0.011,flat,19700.0
rZ7HnEZ1Afxk3d,"Save Ferris — Rumba Cafe, Columbus ($32 fcst $32→)",Save Ferris,"Save Ferris ""It Means Everything - 29 Year Anniversary Tour"" w/ City Sidestep",Rumba Cafe,Columbus,OH,2026-08-18,False,56,5,28,32.0,32.0,31.674652087607114,-0.01,flat,19700.0
rZ7HnEZ1AfxfCK,"The Musical Box — The Coach House, San Juan Capistrano ($60 fcst $57→)",The Musical Box,The Musical Box,The Coach House,San Juan Capistrano,CA,2026-11-05,False,56,1,32,59.5,59.5,56.57039620485206,-0.049,flat,10700.0
rZ7HnEZ1AfP87K,"Hunter Hayes — Barnato, Omaha ($61 fcst $59→)",Hunter Hayes,HUNTER HAYES - The Evergreen Tour,Barnato,Omaha,NE,2026-10-03,False,56,2,30,60.78,60.78,59.075200458022984,-0.028,flat,863000.0
rZ7HnEZ1AfP61d,"Rolling Quartz — Logan Square Auditorium, Chicago ($36 fcst $36→)",Rolling Quartz,ROLLING QUARTZ [MY TURN] 2026 TOUR in Chicago,Logan Square Auditorium,Chicago,IL,2026-07-17,False,34,4,28,36.29,36.29,36.29,0.0,flat,822000.0
rZ7HnEZ1Afko70,"Charles Wesley Godwin — The Bluebird Cafe, Nashville ($33 fcst $33→)",Charles Wesley Godwin,"BIG LOUD Presents: Charles Wesley Godwin In The Round with the writers of ""Christian Name""",The Bluebird Cafe,Nashville,TN,2026-07-28,False,45,5,27,33.27,33.27,33.27,0.0,flat,73800.0
rZ7HnEZ1AfOS_d,"Silverada — The District, Spokane ($28 fcst $28→)",Silverada,Silverada,The District,Spokane,WA,2026-08-02,False,50,6,26,27.71,27.71,27.71,0.0,flat,14800.0
rZ7HnEZ1AfrZ_K,"Leonid & Friends — Blue Note Hawaii, Honolulu ($86 fcst $89→)",Leonid & Friends,Leonid & Friends,Blue Note Hawaii,Honolulu,HI,2026-11-28,False,26,5,26,85.66,85.66,89.13853060316735,0.041,flat,649000.0
rZ7HnEZ1AfrZ_d,"Leonid & Friends — Blue Note Hawaii, Honolulu ($86 fcst $89→)",Leonid & Friends,Leonid & Friends,Blue Note Hawaii,Honolulu,HI,2026-11-28,False,26,5,26,85.66,85.66,89.13853060316735,0.041,flat,649000.0
rZ7HnEZ1Af7FP0,"Fitz and The Tantrums — The Amphitheater at Philip S. Miller Park, Castle Rock ($49 fcst $49→)",Fitz and The Tantrums,Fitz and The Tantrums: Man on the Moon Tour,The Amphitheater at Philip S. Miller Park,Castle Rock,CO,2026-08-01,False,49,5,26,49.35,49.35,49.35,0.0,flat,539000.0
rZ7HnEZ1AfFkQ7,"Chelsea Wolfe — Marathon Music Works, Nashville ($43 fcst $42→)",Chelsea Wolfe,Chelsea Wolfe: THE DARK World Tour,Marathon Music Works,Nashville,TN,2026-10-14,False,44,6,25,43.08,43.08,42.328872898137625,-0.017,flat,85700.0
rZ7HnEZ1Af0y0S,"49 Winchester — The Hall, Little Rock ($40 fcst $39→)",49 Winchester,49 Winchester,The Hall,Little Rock,AR,2026-10-01,False,56,8,23,40.3,40.3,38.59520045802298,-0.042,flat,35700.0
rZ7HnEZ1Af0yOd,"49 Winchester — Bourbon Theatre, Lincoln ($43 fcst $41→)",49 Winchester,"49 Winchester, Landon Smith",Bourbon Theatre,Lincoln,NE,2026-10-06,False,56,8,23,42.69,42.69,40.98520045802298,-0.04,flat,35700.0
rZ7HnEZ1Afqvqd,"Old 97's — The Crocodile, Seattle ($52 fcst $52→)",Old 97's,"Old 97's, River Shook",The Crocodile,Seattle,WA,2026-07-31,False,48,5,26,51.93,51.93,51.93,0.0,flat,13100.0
rZ7HnEZ1Af-bGK,"Bingo Loco — District 142, Wyandotte ($39 fcst $39→)",Bingo Loco,BINGO LOCO - Name That Song Game Show - Hip Hop Bingo,District 142,Wyandotte,MI,2026-06-26,False,24,12,19,38.7,38.7,38.7,0.0,flat,2280.0
rZ7HnEZ1Af-ooS,"Bingo Loco — Oxnard Levity Live, Oxnard ($41 fcst $41→)",Bingo Loco,Bingo Loco,Oxnard Levity Live,Oxnard,CA,2026-06-19,False,24,12,19,40.78,40.78,40.78,0.0,flat,2280.0
rZ7HnEZ1AfqeqN,"Bingo Loco — Bourbon Theatre, Lincoln ($46 fcst $46→)",Bingo Loco,BINGO LOCO,Bourbon Theatre,Lincoln,NE,2026-06-12,False,24,12,19,45.78,45.78,45.78,0.0,flat,2280.0
rZ7HnEZ1Afx80N,"Bingo Loco — Oxnard Levity Live, Oxnard ($41 fcst $41→)",Bingo Loco,Bingo Loco,Oxnard Levity Live,Oxnard,CA,2026-08-21,False,24,12,19,40.78,40.78,40.768616554990096,-0.0,flat,2280.0
rZ7HnEZ1Afaoqf,"Token — 9th St. Parallel at Knitting Factory, Boise ($28 fcst $29→)",Token,"Token, Clark D",9th St. Parallel at Knitting Factory,Boise,ID,2026-11-10,False,26,5,25,27.71,27.71,28.713121056730383,0.036,flat,1160000.0
rZ7HnEZ1Afaoq0,"Token — The District, Spokane ($28 fcst $29→)",Token,"Token, Clark D",The District,Spokane,WA,2026-11-07,False,26,5,25,27.71,27.71,28.713121056730383,0.036,flat,1160000.0
rZ7HnEZ1AfPZ8N,"Rolling Quartz — Granada Theater, Minneapolis ($36 fcst $36→)",Rolling Quartz,ROLLING QUARTZ [MY TURN] 2026 TOUR in Minneapolis,Granada Theater,Minneapolis,MN,2026-07-15,False,32,4,26,36.29,36.29,36.29,0.0,flat,822000.0
rZ7HnEZ1AfAVr7,"Corinne Bailey Rae — Belly Up, Solana Beach ($56 fcst $56→)",Corinne Bailey Rae,Corinne Bailey Rae - Like a Star: Celebrating 20 Years,Belly Up,Solana Beach,CA,2026-08-04,False,52,2,28,55.55,55.55,55.55,0.0,flat,372000.0
rZ7HnEZ1Af0wCd,"Nonpoint — Cabooze, Minneapolis ($42 fcst $42→)",Nonpoint,NONPOINT w/ Spineshank and (Hed) P.E. in Minneapolis,Cabooze,Minneapolis,MN,2026-07-26,False,43,4,26,41.97,41.97,41.97,0.0,flat,131000.0
rZ7HnEZ1AfAVP0,"Christone ""Kingfish"" Ingram — Manchester Music Hall, Lexington ($51 fcst $50→)","Christone ""Kingfish"" Ingram",Christone “Kingfish” Ingram - The Hard Road Tour,Manchester Music Hall,Lexington,KY,2026-11-14,False,56,5,25,50.82,50.82,49.79987319594958,-0.02,flat,104000.0
rZ7HnEZ1Afa3j0,"Black Flag — Garden Amphitheatre, Garden Grove ($37 fcst $36→)",Black Flag,"Black Flag, Dr. Know, Outspoken, Angry Samoans, Strife, Endpoint, DFL, Mean Season, Downcast",Garden Amphitheatre,Garden Grove,CA,2026-10-17,False,25,5,25,36.53,36.53,36.19978307433211,-0.009,flat,36800.0
rZ7HnEZ1AfaAqf,"Shawn James — Neurolux Lounge, Boise ($35 fcst $33→)",Shawn James,SHAWN JAMES  Flew Too Close To The Sun Tour,Neurolux Lounge,Boise,ID,2026-10-29,False,31,5,25,34.75,34.75,33.41940149052395,-0.038,flat,21900.0
rZ7HnEZ1Afx8pd,"DWLLRS — Sonia, Cambridge ($30 fcst $30→)",DWLLRS,DWLLRS: One of Those Nights Tour,Sonia,Cambridge,MA,2026-08-02,False,50,3,27,29.85,29.85,29.85,0.0,flat,19000.0
rZ7HnEZ1Af06xK,"Mom Jeans — Tioga Sequoia Brewery , Fresno ($42 fcst $41→)",Mom Jeans,"Mom Jeans., Harrison Gordon, Sobs",Tioga Sequoia Brewery ,Fresno,CA,2026-10-31,False,56,2,28,42.13,42.13,41.33824609856232,-0.019,flat,6180.0
rZ7HnEZ1AfF_7V,"The Residents — Blue Note Hawaii, Honolulu ($57 fcst $58→)",The Residents,The Residents,Blue Note Hawaii,Honolulu,HI,2026-09-01,False,26,5,24,56.67,56.67,57.63829273415552,0.017,flat,18400.0
rZ7HnEZ1AfF_A7,"The Residents — Blue Note Hawaii, Honolulu ($57 fcst $58→)",The Residents,The Residents,Blue Note Hawaii,Honolulu,HI,2026-09-02,False,26,5,24,56.67,56.67,57.60903928283486,0.017,flat,18400.0
rZ7HnEZ1AfqvvK,"Old 97's — Knitting Factory - Boise, Boise ($33 fcst $33→)",Old 97's,"Old 97's, River Shook",Knitting Factory - Boise,Boise,ID,2026-07-29,False,46,5,24,32.86,32.86,32.86,0.0,flat,13100.0
rZ7HnEZ1AfP9FN,"Gimme Gimme Disco — The Liberty Belle - Rocks Off Concert Cruise, New York ($38 fcst $38→)",Gimme Gimme Disco,Gimme Gimme Disco Concert Cruise!,The Liberty Belle - Rocks Off Concert Cruise,New York,NY,2026-07-17,False,34,17,12,38.25,38.25,38.25,0.0,flat,2550.0
rZ7HnEZ1AfraGd,"Steel Pulse — Thalia Hall, Chicago ($56 fcst $55→)",Steel Pulse,Steel Pulse - Reggae Against Racism Tour with DJ Slacky J,Thalia Hall,Chicago,IL,2026-08-09,False,56,3,25,55.59,55.59,54.726173503805654,-0.016,flat,144000.0
rZ7HnEZ1AfqEJd,"Steel Pulse — Ventura Theater, Ventura ($56 fcst $55→)",Steel Pulse,Steel Pulse - Reggae Against Racism Tour,Ventura Theater,Ventura,CA,2026-08-14,False,56,3,25,56.04,56.03999999999999,54.86171285379797,-0.021,flat,144000.0
rZ7HnEZ1AfAS_7,"Cat Power — Mr Smalls Theatre, Millvale ($54 fcst $54→)",Cat Power,Cat Power The Greatest Tour,Mr Smalls Theatre,Millvale,PA,2026-07-30,False,47,4,24,53.52,53.52,53.52,0.0,flat,97300.0
rZ7HnEZ1Afe8Q7,"Jake Shimabukuro — Blue Note Hawaii, Honolulu ($51 fcst $51→)",Jake Shimabukuro,Jake Shimabukuro,Blue Note Hawaii,Honolulu,HI,2026-08-19,False,26,3,24,51.28,51.28,50.7928672534861,-0.009,flat,132000.0
rZ7HnEZ1Afe8_V,"Jake Shimabukuro — Blue Note Hawaii, Honolulu ($51 fcst $51→)",Jake Shimabukuro,Jake Shimabukuro,Blue Note Hawaii,Honolulu,HI,2026-08-19,False,26,3,24,51.28,51.28,50.7928672534861,-0.009,flat,132000.0
rZ7HnEZ1Afe8_f,"Jake Shimabukuro — Blue Note Hawaii, Honolulu ($51 fcst $51→)",Jake Shimabukuro,Jake Shimabukuro,Blue Note Hawaii,Honolulu,HI,2026-08-18,False,26,3,24,51.28,51.28,50.7928672534861,-0.009,flat,132000.0
rZ7HnEZ1Afe8_0,"Jake Shimabukuro — Blue Note Hawaii, Honolulu ($51 fcst $51→)",Jake Shimabukuro,Jake Shimabukuro,Blue Note Hawaii,Honolulu,HI,2026-08-18,False,26,3,24,51.28,51.28,50.7928672534861,-0.009,flat,132000.0
rZ7HnEZ1Af7bu0,"Tab Benoit — District 142, Wyandotte ($59 fcst $59→)",Tab Benoit,TAB BENOIT wsg Sgt. Splendor,District 142,Wyandotte,MI,2026-07-16,False,33,3,24,59.3,59.3,59.3,0.0,flat,18500.0
rZ7HnEZ1AfFvAf,"Mountain Grass Unit — Brooklyn Bowl Philadelphia, Philadelphia ($36 fcst $37→)",Mountain Grass Unit,Mountain Grass Unit,Brooklyn Bowl Philadelphia,Philadelphia,PA,2026-11-11,False,51,4,23,36.25,36.25,37.425865383508636,0.032,flat,5550.0
rZ7HnEZ1AfFvA7,"Mountain Grass Unit — Brooklyn Bowl, Brooklyn ($35 fcst $36→)",Mountain Grass Unit,Mountain Grass Unit,Brooklyn Bowl,Brooklyn,NY,2026-11-13,False,51,4,23,35.22,35.22,36.395865383508635,0.033,flat,5550.0
rZ7HnEZ1AfxkOd,"Babe Rainbow — The Pyramid Scheme, Grand Rapids ($39 fcst $39→)",Babe Rainbow,Babe Rainbow + Sam Blasucci,The Pyramid Scheme,Grand Rapids,MI,2026-07-22,False,39,11,15,38.85,38.85,38.85,0.0,flat,45200.0
rZ7HnEZ1Afx84S,"DWLLRS — Exit/In, Nashville ($27 fcst $27→)",DWLLRS,DWLLRS- One of Those Nights Tour,Exit/In,Nashville,TN,2026-07-29,False,46,3,23,27.42,27.42,27.42,0.0,flat,19000.0
rZ7HnEZ1AfPv-d,"feeble little horse — The Basement East, Nashville ($33 fcst $33→)",feeble little horse,feeble little horse w/ Computer Wife & Baby Wave,The Basement East,Nashville,TN,2026-07-18,False,35,2,24,33.49,33.49,33.49,0.0,flat,6420.0
rZ7HnEZ1AfaI-0,"Improvement Movement — Neurolux Lounge, Boise ($24 fcst $23→)",Improvement Movement,"Improvement Movement, Adron",Neurolux Lounge,Boise,ID,2026-11-07,False,21,5,21,23.75,23.75,23.074639768546675,-0.028,flat,3530.0
rZ7HnEZ1Af0y-S,"Gimme Gimme Disco — Skully's Music Diner, Columbus ($20 fcst $20→)",Gimme Gimme Disco,Gimme Gimme Disco,Skully's Music Diner,Columbus,OH,2026-07-17,False,34,14,12,20.0,20.0,20.0,0.0,flat,2550.0
rZ7HnEZ1Afa60V,"Rebecca Black — The Basement East, Nashville ($97 fcst $96→)",Rebecca Black,Rebecca Black - Exhibitionism on Tour,The Basement East,Nashville,TN,2026-09-29,False,20,6,19,96.57,96.57,95.85814568543938,-0.007,flat,1560000.0
rZ7HnEZ1Afk9oV,"Marcus King Band — Blue Note Jazz Club, New York ($78 fcst $78→)",Marcus King Band,ATOMIC HABITZ: Chris Dave X Marcus King X DJ Ginyard,Blue Note Jazz Club,New York,NY,2026-07-30,False,43,8,17,77.65,77.65,77.65,0.0,flat,190000.0
rZ7HnEZ1Afk937,"Marcus King Band — Blue Note Jazz Club, New York ($78 fcst $78→)",Marcus King Band,ATOMIC HABITZ: Chris Dave X Marcus King X DJ Ginyard,Blue Note Jazz Club,New York,NY,2026-07-30,False,43,8,17,77.65,77.65,77.65,0.0,flat,190000.0
rZ7HnEZ1Af09bN,"Anthony Green — Mr Smalls Theatre, Millvale ($41 fcst $41→)",Anthony Green,Anthony Green This Tour Won't Save You with  Geoff Rickly and Keith Goodwin,Mr Smalls Theatre,Millvale,PA,2026-07-24,False,41,3,22,41.16,41.16,41.16,0.0,flat,45300.0
rZ7HnEZ1AfP0_N,"River Shook — The Winchester, Lakewood ($25 fcst $25→)",River Shook,River Shook,The Winchester,Lakewood,OH,2026-08-27,False,56,2,23,25.21,25.21,24.65890187052177,-0.022,flat,6290.0
rZ7HnEZ1AfPP4K,"River Shook — Club Cafe, Pittsburgh ($24 fcst $24→)",River Shook,River Shook  wsg/ Moe Reen,Club Cafe,Pittsburgh,PA,2026-08-28,False,56,2,23,24.13,24.13,23.54820198068437,-0.024,flat,6290.0
rZ7HnEZ1Af0dGK,"Ben Chapman — The District, Spokane ($28 fcst $28→)",Ben Chapman,Ben Chapman - Feet On Fire Tour,The District,Spokane,WA,2026-07-29,False,46,4,21,27.71,27.71,27.71,0.0,flat,3060.0
rZ7HnEZ1Af7ZZf,"Ben Chapman — The Basement East, Nashville ($20 fcst $19→)",Ben Chapman,"Ben Chapman's Peach Jam ft. Tenille Townes, Isaac Gibson, Dylan Zangwill, Lemont Landers, Orry Lee Kennedy Aka Cornbread Cowboi Special Guest Emcee",The Basement East,Nashville,TN,2026-09-02,False,56,4,21,19.88,19.88,19.268948529363705,-0.031,flat,3060.0
rZ7HnEZ1AfPavK,"BossMan Dlow — The Hawthorn, St. Louis ($52 fcst $54→)",BossMan Dlow,BossMan Dlow & Yung Miami - The Motion Party Tour,The Hawthorn,St. Louis,MO,2026-08-09,False,31,3,21,52.14,52.14,54.22744574679123,0.04,flat,1160000.0
rZ7HnEZ1AfPaAd,"BossMan Dlow — The Hall, Little Rock ($64 fcst $65→)",BossMan Dlow,BossMan Dlow & Yung Miami - The Motion Party Tour,The Hall,Little Rock,AR,2026-08-20,False,31,3,21,63.68,63.68,65.26471645287616,0.025,flat,1160000.0
rZ7HnEZ1AfPaAS,"BossMan Dlow — FIVE, Jacksonville ($64 fcst $63→)",BossMan Dlow,BossMan Dlow & Yung Miami - The Motion Party Tour,FIVE,Jacksonville,FL,2026-07-17,False,31,3,21,63.68,63.68,63.42416307906233,-0.004,flat,1160000.0
rZ7HnEZ1AfaJef,"Atreyu — Mr Smalls Theatre, Millvale ($37 fcst $35→)",Atreyu,Atreyu,Mr Smalls Theatre,Millvale,PA,2026-12-02,False,18,6,18,37.06,37.06,35.409100495268106,-0.045,flat,241000.0
rZ7HnEZ1AfjMbd,"Shakey Graves — The Hall, Little Rock ($47 fcst $47→)",Shakey Graves,"Shakey Graves - Fondness, Etc. Tour",The Hall,Little Rock,AR,2026-06-17,False,24,5,19,47.1,47.1,47.1,0.0,flat,67700.0
rZ7HnEZ1AfJZ-K,"Oliver Hazard — The Fremont Abbey, Seattle ($39 fcst $38→)",Oliver Hazard,Oliver Hazard,The Fremont Abbey,Seattle,WA,2026-12-07,False,56,2,22,39.26,39.26,38.3164824574823,-0.024,flat,5420.0
rZ7HnEZ1AfxbPd,"Oliver Hazard — SPACE, Evanston ($34 fcst $34→)",Oliver Hazard,Oliver Hazard w. Carriers,SPACE,Evanston,IL,2026-08-08,False,56,2,22,33.9,33.9,33.9,0.0,flat,5420.0
rZ7HnEZ1AfxdAS,"Gimme Gimme Disco — Lincoln Factory, Detroit ($60 fcst $60→)",Gimme Gimme Disco,GIMME GIMME DISCO FEST,Lincoln Factory,Detroit,MI,2026-07-18,False,35,11,13,60.17,60.17,60.17,0.0,flat,2550.0
rZ7HnEZ1Afr4PN,"Blue October — The Hall, Little Rock ($52 fcst $50→)",Blue October,Blue October,The Hall,Little Rock,AR,2026-12-09,False,54,1,22,52.14,52.14,50.069727747682485,-0.04,flat,617000.0
rZ7HnEZ1Afrp8N,"Blue October — FIVE, Jacksonville ($64 fcst $62→)",Blue October,Blue October,FIVE,Jacksonville,FL,2026-11-19,False,56,1,22,63.68,63.67999999999999,61.950852978766584,-0.027,flat,617000.0
rZ7HnEZ1Af0A8d,"Coheed and Cambria — The Hall, Little Rock ($52 fcst $51→)",Coheed and Cambria,COHEED AND CAMBRIA,The Hall,Little Rock,AR,2026-09-22,False,56,2,21,52.12,52.12,50.745099497447534,-0.026,flat,347000.0
rZ7HnEZ1AfvOJ7,"Diggy Graves — Pop's Concert Venue, Sauget ($34 fcst $33→)",Diggy Graves,Diggy Graves - The No Vacancy Tour,Pop's Concert Venue,Sauget,IL,2026-08-17,False,56,3,20,33.61,33.61,33.1228672534861,-0.014,flat,333000.0
rZ7HnEZ1Afvpf0,"Diggy Graves — The Abbey, Orlando ($34 fcst $34→)",Diggy Graves,"Diggy Graves ""The No Vacancy Tour"" in Orlando",The Abbey,Orlando,FL,2026-08-03,False,51,3,20,33.53,33.53,33.53,0.0,flat,333000.0
rZ7HnEZ1AfvEj0,"Diggy Graves — The Basement East, Nashville ($33 fcst $33→)",Diggy Graves,Diggy Graves w/ Resentvul & Ryan Oakes,The Basement East,Nashville,TN,2026-08-05,False,53,3,20,33.49,33.49,33.49,0.0,flat,333000.0
rZ7HnEZ1Af09bK,"In Her Own Words — The District, Spokane ($28 fcst $26→)",In Her Own Words,In Her Own Words & Every Avenue with Felicity,The District,Spokane,WA,2026-10-09,False,56,5,18,27.71,27.71,26.341477055088486,-0.049,flat,8460.0
rZ7HnEZ1Af04aS,"In Her Own Words — Dante's, Portland ($30 fcst $28→)",In Her Own Words,IN HER OWN WORDS & EVERY AVENUE with Felicity,Dante's,Portland,OR,2026-10-10,False,56,5,18,29.85,29.85,28.481477055088487,-0.046,flat,8460.0
rZ7HnEZ1Afxk_S,"Oliver Hazard — The Pyramid Scheme, Grand Rapids ($39 fcst $39→)",Oliver Hazard,Oliver Hazard + Carriers,The Pyramid Scheme,Grand Rapids,MI,2026-08-07,False,55,2,21,38.85,38.85,38.85,0.0,flat,5410.0
rZ7HnEZ1Af7VF0,"Buddy Guy — Prairie Band Casino and Resort, Mayetta ($124 fcst $124→)",Buddy Guy,Buddy Guy 90,Prairie Band Casino and Resort,Mayetta,KS,2026-07-23,False,40,2,20,123.5,123.5,123.5,0.0,flat,117000.0
rZ7HnEZ1Af0_aN,"Sleater-Kinney — WOW Hall, Eugene ($43 fcst $43→)",Sleater-Kinney,Sleater-Kinney,WOW Hall,Eugene,OR,2026-07-25,False,42,3,19,42.88,42.88,42.88,0.0,flat,22700.0
rZ7HnEZ1Af00_d,"Frozen Soul — Albatross, Jacksonville ($28 fcst $28→)",Frozen Soul,"Frozen Soul, Bodybox, Maul, and Eternal in Jacksonville",Albatross,Jacksonville,FL,2026-08-09,False,56,4,18,27.51,27.51,27.51239537294529,0.0,flat,10100.0
rZ7HnEZ1AfrfPK,"Chris Travis — Cargo Concert Hall, Reno ($64 fcst $64→)",Chris Travis,Chris Travis - THE PREFIX TOUR,Cargo Concert Hall,Reno,NV,2026-08-08,False,56,3,18,63.63,63.63,63.63,0.0,flat,253000.0
rZ7HnEZ1AfAx1f,"Pokey LaFarge — FITZGERALDS PATIO, Berwyn ($44 fcst $44→)",Pokey LaFarge,Pokey LaFarge w/ special guest Wild Earp & The OK Chorale at FITZGERALDS Outdoors,FITZGERALDS PATIO,Berwyn,IL,2026-07-24,False,41,3,18,44.47,44.47,44.47,0.0,flat,61500.0
rZ7HnEZ1Af00bS,"Frozen Soul — Churchill's Pub,  Miami ($28 fcst $28→)",Frozen Soul,"Frozen Soul, Bodybox, Maul, and Eternal in Miami",Churchill's Pub, Miami,FL,2026-08-07,False,55,4,17,27.51,27.51,27.51,0.0,flat,10000.0
rZ7HnEZ1Afrp4N,"Hatebreed — Pop's Concert Venue, Sauget ($41 fcst $41→)",Hatebreed,Hatebreed: SUMMER SLAUGHTER TOUR 2026,Pop's Concert Venue,Sauget,IL,2026-07-21,False,38,7,13,40.57,40.57,40.57,0.0,flat,161000.0
rZ7HnEZ1AfaVq0,"Paul Oakenfold — The 808, Knoxville ($61 fcst $60→)",Paul Oakenfold,Paul Oakenfold + The Crystal Method: Mission Underground Tour,The 808,Knoxville,TN,2026-10-08,False,17,4,16,61.23,61.230000000000004,60.376320863937124,-0.014,flat,85700.0
rZ7HnEZ1Af-wQd,"Babe Rainbow — Belly Up, Solana Beach ($41 fcst $41→)",Babe Rainbow,"Babe Rainbow, Yasawa Group",Belly Up,Solana Beach,CA,2026-07-15,False,32,12,8,41.3,41.3,41.3,0.0,flat,45000.0
rZ7HnEZ1Afq7FS,"Old 97's — The Liberty, Roswell ($19 fcst $19→)",Old 97's,Old 97's,The Liberty,Roswell,NM,2026-07-21,False,38,4,16,18.76,18.76,18.76,0.0,flat,13000.0
rZ7HnEZ1Af00CK,"Frozen Soul — Conduit, Winter Park ($28 fcst $28→)",Frozen Soul,"Frozen Soul, Bodybox, Maul, and Eternal in Orlando",Conduit,Winter Park,FL,2026-08-06,False,54,4,16,27.51,27.51,27.51,0.0,flat,10000.0
rZ7HnEZ1AfJaJd,"Bingo Loco — Knitting Factory - Spokane, Spokane ($42 fcst $42→)",Bingo Loco,Bingo Loco: Name That Song (10/24),Knitting Factory - Spokane,Spokane,WA,2026-10-24,False,16,4,16,41.61,41.61,41.83153569455837,0.005,flat,2320.0
rZ7HnEZ1AfjapK,"Wyatt Flores — The Club at Indian Creek, Elkhorn ($14 fcst $14→)",Wyatt Flores,WYATT FLORES - Kashus Culpepper,The Club at Indian Creek,Elkhorn,NE,2026-08-08,False,56,6,13,13.78,13.78,13.78,0.0,flat,83900.0
rZ7HnEZ1Af-eZN,"Little Stranger — Atomic Pavilion, St. Louis ($48 fcst $48→)",Little Stranger,Little Stranger Broken Hearted Boys Tour,Atomic Pavilion,St. Louis,MO,2026-08-06,False,54,3,16,47.66,47.66,47.66,0.0,flat,77400.0
rZ7HnEZ1Af-07N,"Thomas Dolby — Ferg's Pavilion, St. Petersburg ($26 fcst $26→)",Thomas Dolby,"TOTALLY TUBULAR FESTIVAL Featuring Thomas Dolby & The Lost Toy People, A Flock of Seagulls, Men Without Hats, The Producers, Animotion, The Escape Club and Tommy Tutone",Ferg's Pavilion,St. Petersburg,FL,2026-08-12,False,56,3,16,25.79,25.79,25.568921265665967,-0.009,flat,58500.0
rZ7HnEZ1AfO63d,"Man Man — Mr Smalls Theatre, Millvale ($34 fcst $34→)",Man Man,Man Man with Special Guest Death Valley Girls,Mr Smalls Theatre,Millvale,PA,2026-07-21,False,38,4,15,34.48,34.48,34.48,0.0,flat,8290.0
rZ7HnEZ1AfJK0d,"The Rocky Horror Picture Show — Berlin, New York ($26 fcst $25→)",The Rocky Horror Picture Show,The Rocky Horror Picture Show: Live with the New York Cast,Berlin,New York,NY,2026-08-21,False,14,5,14,25.93,25.93,25.12511174804729,-0.031,flat,4930.0
rZ7HnEZ1AfJKxK,"The Rocky Horror Picture Show — Berlin, New York ($26 fcst $26→)",The Rocky Horror Picture Show,The Rocky Horror Picture Show: Live with the New York Cast,Berlin,New York,NY,2026-08-07,False,14,5,14,25.93,25.93,25.93,0.0,flat,4930.0
rZ7HnEZ1Afa0Zf,"Dale Watson — Cafe Wha?, New York ($32 fcst $32→)",Dale Watson,Dale Watson & His Lone Stars w/ India Ramey,Cafe Wha?,New York,NY,2026-09-22,False,18,1,18,31.9,31.9,32.25115050409728,0.011,flat,2000.0
rZ7HnEZ1AfaoGf,"Ryan Beatty — The Masonic Lodge at Hollywood Forever, Los Angeles ($19 fcst $19→)",Ryan Beatty,Ryan Beatty,The Masonic Lodge at Hollywood Forever,Los Angeles,CA,2026-07-28,False,16,2,16,18.52,18.52,18.52,0.0,flat,334000.0
rZ7HnEZ1Af-tqK,"Toadies — The Hall, Little Rock ($39 fcst $38→)",Toadies,Toadies: The Charmer Tour,The Hall,Little Rock,AR,2026-08-19,False,56,4,14,38.55,38.55,38.22465208760711,-0.008,flat,80700.0
rZ7HnEZ1AfJ_OS,"Fcukers — Ventura Theater, Ventura ($42 fcst $42→)",Fcukers,Fcukers,Ventura Theater,Ventura,CA,2026-09-22,False,11,9,9,42.13,42.13,42.35588216143985,0.005,flat,28600.0
rZ7HnEZ1Af-t7K,"Turnover — WOW Hall, Eugene ($42 fcst $42→)",Turnover,Turnover,WOW Hall,Eugene,OR,2026-07-07,False,25,7,11,41.85,41.849999999999994,41.849999999999994,-0.0,flat,24100.0
rZ7HnEZ1Af0ZJK,"Cameron Whitcomb — SOMA - Mainstage, San Diego ($48 fcst $46→)",Cameron Whitcomb,Cameron Whitcomb – Kingdom of Fear Tour,SOMA - Mainstage,San Diego,CA,2026-10-06,False,56,4,13,47.61,47.61,45.90520045802298,-0.036,flat,158000.0
rZ7HnEZ1Af_O8S,"Cameron Whitcomb — Bottom Lounge, Chicago ($47 fcst $47→)",Cameron Whitcomb,"Cameron Whitcomb, Dylan Conrique",Bottom Lounge,Chicago,IL,2026-07-31,False,48,4,13,46.81,46.81,46.81,0.0,flat,158000.0
rZ7HnEZ1Af0d4N,"Lelo — Valley Bar, Phoenix ($29 fcst $29→)",Lelo,LELO- MASTIFF : PINK TILES TOUR,Valley Bar,Phoenix,AZ,2026-07-20,False,37,4,13,28.83,28.83,28.83,0.0,flat,39400.0
rZ7HnEZ1Afq8Ad,"Vacation Manor — Barnato, Omaha ($22 fcst $22→)",Vacation Manor,VACATION MANOR,Barnato,Omaha,NE,2026-07-29,False,46,3,14,21.53,21.53,21.53,0.0,flat,7170.0
rZ7HnEZ1Af-vrd,"Vacation Manor — Middle East - Upstairs, Cambridge ($27 fcst $27→)",Vacation Manor,"Vacation Manor, Nolen Durham",Middle East - Upstairs,Cambridge,MA,2026-08-27,False,56,3,14,27.27,27.27,26.94465208760711,-0.012,flat,7170.0
rZ7HnEZ1AfOSPd,"Vacation Manor — The Pyramid Scheme, Grand Rapids ($27 fcst $27→)",Vacation Manor,Vacation Manor + Nolen Durham,The Pyramid Scheme,Grand Rapids,MI,2026-08-22,False,56,3,14,27.27,27.27,26.94465208760711,-0.012,flat,7170.0
rZ7HnEZ1AfA9OV,"Buck Meek — Chelsea’s Live, Baton Rouge ($28 fcst $28→)",Buck Meek,Buck Meek with Kisser,Chelsea’s Live,Baton Rouge,LA,2026-07-20,False,37,3,14,28.0,28.0,28.0,0.0,flat,4220.0
rZ7HnEZ1Af0sxd,"Gimme Gimme Disco — Lincoln's Beard, Miami ($23 fcst $23→)",Gimme Gimme Disco,Gimme Gimme Disco: A Disco Dance Party in Miami,Lincoln's Beard,Miami,FL,2026-07-11,False,28,11,6,22.94,22.94,22.94,0.0,flat,2550.0
rZ7HnEZ1Af0bqS,"Gimme Gimme Disco — The Crocodile, Seattle ($32 fcst $32→)",Gimme Gimme Disco,Gimme Gimme Disco,The Crocodile,Seattle,WA,2026-07-11,False,28,11,6,31.74,31.739999999999995,31.739999999999995,-0.0,flat,2550.0
rZ7HnEZ1Af0a1d,"Cannons — The Signal - Concert Hall, Chattanooga ($46 fcst $45→)",Cannons,Cannons: The Everything Glows Tour,The Signal - Concert Hall,Chattanooga,TN,2026-10-14,False,56,3,13,46.09,46.09,44.59291505816742,-0.032,flat,541000.0
rZ7HnEZ1Af08FK,"Ashley McBryde — The Refinery, Charleston ($50 fcst $48→)",Ashley McBryde,ASHLEY MCBRYDE,The Refinery,Charleston,SC,2026-10-01,False,56,2,14,50.09,50.09,48.385200458022986,-0.034,flat,269000.0
rZ7HnEZ1Afrv_N,"Hawthorne Heights — The Hawthorn, St. Louis ($45 fcst $43→)",Hawthorne Heights,Hawthorne Heights - 20th anniversary of If Only You Were Lonely,The Hawthorn,St. Louis,MO,2026-11-25,False,56,1,15,45.08,45.08,43.402107277807,-0.037,flat,128000.0
rZ7HnEZ1AfjAvN,"Trampled By Turtles — Dawes Park , Evanston ($88 fcst $86→)",Trampled By Turtles,Evanston Folk Festival 2026 - SATURDAY,Dawes Park ,Evanston,IL,2026-09-12,False,56,4,12,88.32,88.32,85.66514932411572,-0.03,flat,61000.0
rZ7HnEZ1AfjAvd,"Trampled By Turtles — Dawes Park , Evanston ($166 fcst $163→)",Trampled By Turtles,Evanston Folk Festival 2026 (2-Day Pass),Dawes Park ,Evanston,IL,2026-09-12,False,56,4,12,166.02,166.02,163.36514932411575,-0.016,flat,61000.0
rZ7HnEZ1Af-pfd,"Trampled By Turtles — The Refinery, Charleston ($58 fcst $55→)",Trampled By Turtles,TRAMPLED BY TURTLES,The Refinery,Charleston,SC,2026-10-16,False,56,4,12,57.66,57.66,55.07070618275411,-0.045,flat,61000.0
rZ7HnEZ1Afa0xf,"Black Flag — Whisky A Go Go, West Hollywood ($44 fcst $44→)",Black Flag,Black Flag,Whisky A Go Go,West Hollywood,CA,2027-01-23,False,12,4,12,43.75,43.75,44.10820704551676,0.008,flat,36800.0
rZ7HnEZ1AfreeK,"Young Franco — The Church Nightclub, Denver ($25 fcst $25→)",Young Franco,Young Franco,The Church Nightclub,Denver,CO,2026-07-11,False,28,10,6,24.95,24.95,24.95,0.0,flat,20100.0
rZ7HnEZ1Afx3qS,"Bone Thugs-N-Harmony — Hobart Art Theatre, Hobart ($48 fcst $48→)",Bone Thugs-N-Harmony,Bone Thugs-N-Harmony,Hobart Art Theatre,Hobart,IN,2026-07-24,False,41,2,13,48.12,48.12,48.12,0.0,flat,2100000.0
rZ7HnEZ1Afvp-f,"Bone Thugs-N-Harmony — Garden Amphitheatre, Garden Grove ($58 fcst $58→)",Bone Thugs-N-Harmony,Bone Thugs-N-Harmony,Garden Amphitheatre,Garden Grove,CA,2026-07-10,False,27,2,13,58.42,58.42,58.42,0.0,flat,2100000.0
rZ7HnEZ1Af0zGN,"TX2 — Club LA, Destin ($36 fcst $35→)",TX2,Catch Your Breath - Not Broken Enough Tour,Club LA,Destin,FL,2026-11-05,False,56,2,13,36.48,36.48,34.909533844170404,-0.043,flat,1150000.0
rZ7HnEZ1Af0yGS,"TX2 — The Hawthorn, St. Louis ($37 fcst $36→)",TX2,Catch Your Breath: Not Broken Enough Tour,The Hawthorn,St. Louis,MO,2026-10-20,False,56,2,13,37.42,37.42,36.04509949744754,-0.037,flat,1150000.0
rZ7HnEZ1Af0y7K,"TX2 — The Hall, Little Rock ($39 fcst $38→)",TX2,Catch Your Breath - Not Broken Enough Tour,The Hall,Little Rock,AR,2026-12-02,False,56,2,13,39.42,39.42,37.72683241091418,-0.043,flat,1150000.0
rZ7HnEZ1Afk3p7,"SABAI — Academy LA, Los Angeles ($30 fcst $30→)",SABAI,SABAI,Academy LA,Los Angeles,CA,2026-07-10,False,26,9,6,29.95,29.95,29.95,0.0,flat,36200.0
rZ7HnEZ1AfrbjS,"Thee Sinseers — Williams Center - Black Box - Rutherford, Rutherford ($40 fcst $40→)",Thee Sinseers,Thee Sinseers with Taylor Williams,Williams Center - Black Box - Rutherford,Rutherford,NJ,2026-07-18,False,35,4,11,39.79,39.79,39.79,0.0,flat,28000.0
rZ7HnEZ1AfxKuN,"DWLLRS — SOMA - Sidestage, San Diego ($28 fcst $28→)",DWLLRS,DWLLRS: One of Those Nights Tour,SOMA - Sidestage,San Diego,CA,2026-07-18,False,35,3,12,27.66,27.66,27.66,0.0,flat,18800.0
rZ7HnEZ1Afr4FS,"Cheekface — The Montage Music Hall, Rochester ($35 fcst $33→)",Cheekface,Cheekface w/ special guest Apes of the State,The Montage Music Hall,Rochester,NY,2026-09-29,False,56,2,13,34.8,34.8,33.302915058167414,-0.043,flat,7980.0
rZ7HnEZ1AfO8vd,"Cheekface — Bottom Lounge, Chicago ($35 fcst $33→)",Cheekface,"Cheekface, Apes of the State",Bottom Lounge,Chicago,IL,2026-09-26,False,56,2,13,34.96,34.96,33.46291505816742,-0.043,flat,7980.0
rZ7HnEZ1AfrbZS,"Cheekface — The Banyan Live, West Palm Beach ($28 fcst $27→)",Cheekface,Cheekface w/ special guest Catbite in West Palm Beach,The Banyan Live,West Palm Beach,FL,2026-09-03,False,56,2,13,27.51,27.51,27.11585134146081,-0.014,flat,7980.0
rZ7HnEZ1Afxpkd,"Oliver Hazard — Sony Hall, New York ($34 fcst $34→)",Oliver Hazard,Oliver Hazard w/ special guest Abbie McAllister,Sony Hall,New York,NY,2026-07-30,False,47,2,13,34.47,34.47,34.47,0.0,flat,5300.0
rZ7HnEZ1AfJpbS,"Kennedyxoxo — Pike Room @ The Crofoot, Pontiac ($32 fcst $31→)",Kennedyxoxo,guardin,Pike Room @ The Crofoot,Pontiac,MI,2026-09-18,False,12,3,12,32.22,32.22,31.190632311107834,-0.032,flat,3.0
rZ7HnEZ1AfkKe7,"Masego — Blue Note Los Angeles, Los Angeles ($19 fcst $19→)",Masego,Masego,Blue Note Los Angeles,Los Angeles,CA,2026-06-27,False,13,3,11,18.8,18.8,18.8,0.0,flat,996000.0
rZ7HnEZ1AfkKef,"Masego — Blue Note Los Angeles, Los Angeles ($19 fcst $19→)",Masego,Masego,Blue Note Los Angeles,Los Angeles,CA,2026-06-27,False,13,3,11,18.8,18.8,18.8,0.0,flat,996000.0
rZ7HnEZ1Af00-S,"Borgore — The Church Nightclub, Denver ($25 fcst $25→)",Borgore,Borgore,The Church Nightclub,Denver,CO,2026-07-10,False,27,8,6,24.95,24.95,24.95,0.0,flat,523000.0
rZ7HnEZ1Af-gPd,"Save Ferris — The District, Spokane ($33 fcst $33→)",Save Ferris,"Save Ferris, Better Daze, Northwest Breeze",The District,Spokane,WA,2026-07-15,False,32,3,11,32.86,32.86,32.86,0.0,flat,19600.0
rZ7HnEZ1Afr9oK,"Fruit Bats — Belly Up, Solana Beach ($44 fcst $44→)",Fruit Bats,"Fruit Bats, Matthew Logan Vasquez",Belly Up,Solana Beach,CA,2026-06-11,False,24,2,12,44.3,44.3,44.3,0.0,flat,9190.0
rZ7HnEZ1Af-bJd,"Low Cut Connie — Grog Shop, Cleveland Heights ($38 fcst $36→)",Low Cut Connie,"Low Cut Connie, JT Loux",Grog Shop,Cleveland Heights,OH,2026-11-15,False,56,4,10,37.54,37.54,35.92997076246935,-0.043,flat,7640.0
rZ7HnEZ1Af-x7d,"Low Cut Connie — Howard Theatre, Washington ($33 fcst $32→)",Low Cut Connie,Low Cut Connie,Howard Theatre,Washington,DC,2026-10-23,False,56,4,10,33.21,33.21,31.639533844170412,-0.047,flat,7640.0
rZ7HnEZ1Af-78S,"Low Cut Connie — Mr Smalls Theatre, Millvale ($37 fcst $35→)",Low Cut Connie,Low Cut Connie with Special Guest Brian Dunne,Mr Smalls Theatre,Millvale,PA,2026-10-22,False,56,4,10,36.54,36.54,34.96953384417041,-0.043,flat,7640.0
rZ7HnEZ1Af0EbK,"Greyhaven — The Pyramid Scheme, Grand Rapids ($27 fcst $27→)",Greyhaven,Greyhaven + Footballhead + Cheem + Focus Ring,The Pyramid Scheme,Grand Rapids,MI,2026-08-17,False,56,2,12,27.27,27.27,27.096853948125435,-0.006,flat,260.0
rZ7HnEZ1AfOV8N,"Vacation Manor — Valley Bar, Phoenix ($29 fcst $29→)",Vacation Manor,VACATION MANOR,Valley Bar,Phoenix,AZ,2026-07-15,False,32,3,10,28.83,28.83,28.83,0.0,flat,7170.0
rZ7HnEZ1Af74r7,"Orgy — Whisky A Go Go, West Hollywood ($33 fcst $33→)",Orgy,"Orgy, There is No Us,  Echo Spine, Deathshine, Hollow Zoo, Artificially Intelligent Primitives ",Whisky A Go Go,West Hollywood,CA,2026-06-19,False,24,1,12,33.45,33.45,33.45,0.0,flat,2280.0
rZ7HnEZ1AfPejK,"Molly Tuttle — Ventura Theater, Ventura ($47 fcst $47→)",Molly Tuttle,"Molly Tuttle, Rachel Baiman",Ventura Theater,Ventura,CA,2026-07-12,False,29,3,9,46.77,46.77,46.77,0.0,flat,117000.0
rZ7HnEZ1AfqbeK,"Futurebirds — Music Box, San Diego ($38 fcst $38→)",Futurebirds,Futurebirds - Far Out Country Tour w/ Deloyd Elze,Music Box,San Diego,CA,2026-07-15,False,32,3,9,38.3,38.3,38.3,0.0,flat,4780.0
rZ7HnEZ1Af-zaN,"Belmont — The Abbey, Orlando ($34 fcst $34→)",Belmont,"Belmont ""Between You & Me 10 Year Anniversary Tour"" in Orlando",The Abbey,Orlando,FL,2026-07-25,False,42,4,7,33.53,33.53,33.53,0.0,flat,6070.0
rZ7HnEZ1Af-zaS,"Belmont — The Banyan Live, West Palm Beach ($34 fcst $34→)",Belmont,"Belmont ""Between You & Me 10 Year Anniversary Tour"" in West Palm Beach",The Banyan Live,West Palm Beach,FL,2026-07-26,False,43,4,7,33.53,33.53,33.53,0.0,flat,6070.0
rZ7HnEZ1AfxkZN,"Belmont — TSDMAAC, Detroit ($33 fcst $33→)",Belmont,"Belmont, Major League, Spite House, All In Ur Head",TSDMAAC,Detroit,MI,2026-08-07,False,55,4,7,32.92,32.92,32.92,0.0,flat,6070.0
rZ7HnEZ1AfxZZS,"Belmont — The Basement East, Nashville ($39 fcst $39→)",Belmont,"Belmont performing 10 Years of Between You and Me w/ Major League, Spite House and all in ur head",The Basement East,Nashville,TN,2026-07-22,False,39,4,7,39.41,39.41,39.41,0.0,flat,6070.0
rZ7HnEZ1AfJZbK,"Futurebirds — The Basement East, Nashville ($27 fcst $27→)",Futurebirds,"Jerry Garcia’s 84th Birthday Celebration ft. members of Los Colognes, Futurebirds, Tin Roof Cats, The Stolen Faces, Hooteroll?, Marty Schwartz, Kevin Gordon, JD Simo, Lilly Winwood, Mike Lawson & more",The Basement East,Nashville,TN,2026-08-01,False,24,1,10,27.32,27.32,27.32,0.0,flat,4780.0
rZ7HnEZ1AfqfGS,"Futurebirds — Crescent Ballroom, Phoenix ($35 fcst $35→)",Futurebirds,FUTUREBIRDS,Crescent Ballroom,Phoenix,AZ,2026-07-14,False,31,3,8,34.75,34.75,34.75,0.0,flat,4770.0
rZ7HnEZ1AfqZJd,"moe. — The Refinery, Charleston ($75 fcst $75→)",moe.,moe.mentUM Tour: moe. & Umphrey’s McGee,The Refinery,Charleston,SC,2026-07-12,False,29,4,6,75.31,75.31,75.31,0.0,flat,535000.0
rZ7HnEZ1Afk3G0,"42 Dugg — The Hall, Little Rock ($64 fcst $64→)",42 Dugg,Babyface Ray And 42 Dugg - 4 The Trenches Tour,The Hall,Little Rock,AR,2026-08-07,False,54,3,6,63.68,63.68,63.68,0.0,flat,969000.0
rZ7HnEZ1AfFdFf,"42 Dugg — The Hawthorn, St. Louis ($64 fcst $64→)",42 Dugg,Babyface Ray And 42 Dugg - 4 The Trenches Tour,The Hawthorn,St. Louis,MO,2026-08-01,False,42,3,6,63.68,63.68,63.68,0.0,flat,969000.0
rZ7HnEZ1AfJvCK,"American Aquarium — The Magic Bag, Ferndale ($29 fcst $29→)",American Aquarium,Magic Bag Presents: American Aquarium,The Magic Bag,Ferndale,MI,2026-09-09,False,55,1,8,29.23,29.23,28.58991729168896,-0.022,flat,13500.0
rZ7HnEZ1AfJv3d,"American Aquarium — Silver Moon Brewing, Bend ($32 fcst $31→)",American Aquarium,American Aquarium,Silver Moon Brewing,Bend,OR,2026-09-18,False,55,1,8,32.36,32.36,30.967533278587243,-0.043,flat,13500.0
rZ7HnEZ1Af0xOd,"American Aquarium — Thalia Hall, Chicago ($30 fcst $29→)",American Aquarium,American Aquarium with Joelton Mayfield,Thalia Hall,Chicago,IL,2026-08-20,False,56,1,8,29.89,29.89,29.33890187052177,-0.018,flat,13500.0
rZ7HnEZ1Afx4-S,"Shinyribs — Off Broadway, Saint Louis ($30 fcst $30→)",Shinyribs,Shinyribs,Off Broadway,Saint Louis,MO,2026-08-20,False,56,3,6,29.85,29.85,29.524652087607112,-0.011,flat,7480.0
rZ7HnEZ1AfOsrK,"Shinyribs — The Southgate House Revival - Sanctuary, Newport ($29 fcst $29→)",Shinyribs,"Shinyribs, Scott Strickland",The Southgate House Revival - Sanctuary,Newport,KY,2026-08-21,False,56,3,6,29.46,29.46,28.9728672534861,-0.017,flat,7480.0
rZ7HnEZ1AfkkPV,"Shinyribs — WOW Hall, Eugene ($38 fcst $38→)",Shinyribs,SHINYRIBS,WOW Hall,Eugene,OR,2026-07-16,False,33,3,6,38.24,38.24,38.24,0.0,flat,7480.0
rZ7HnEZ1AfAIb0,"Shinyribs — Tractor, Seattle ($31 fcst $31→)",Shinyribs,Shinyribs w/ Schaefer Llana,Tractor,Seattle,WA,2026-07-18,False,35,3,6,31.26,31.26,31.26,0.0,flat,7480.0
rZ7HnEZ1AfqaCd,"Shinyribs — The District, Spokane ($33 fcst $33→)",Shinyribs,Shinyribs,The District,Spokane,WA,2026-07-21,False,38,3,6,32.86,32.86,32.86,0.0,flat,7480.0
rZ7HnEZ1Af-YFN,"Gimme Gimme Disco — The Crocodile, Seattle ($32 fcst $32→)",Gimme Gimme Disco,Gimme Gimme Disco,The Crocodile,Seattle,WA,2026-06-20,False,24,7,2,31.74,31.74,31.74,0.0,flat,2550.0
rZ7HnEZ1AfaZ4f,"Joji — Academy LA, Los Angeles ($63 fcst $63→)",Joji,YEBI LABS (JOJI DJ SET),Academy LA,Los Angeles,CA,2026-07-12,False,5,2,5,62.95,62.95,62.95,0.0,flat,4220000.0
rZ7HnEZ1Af-eON,"Young Franco — Music Box, San Diego ($23 fcst $23→)",Young Franco,"Young Franco, Futuresexuals",Music Box,San Diego,CA,2026-07-09,False,26,2,5,23.01,23.01,23.01,0.0,flat,20100.0
rZ7HnEZ1AfO_7K,"Man Man — Chelsea’s Live, Baton Rouge ($31 fcst $31→)",Man Man,Man Man with Death Valley Girls and The Telegraph Salesman,Chelsea’s Live,Baton Rouge,LA,2026-07-10,False,27,3,4,31.09,31.089999999999996,31.089999999999996,-0.0,flat,8240.0
rZ7HnEZ1AfOp4S,"Shinyribs — Moe's Alley, Santa Cruz ($30 fcst $30→)",Shinyribs,Moe's Alley Presents: Shinyribs w/ Schaefer Llana,Moe's Alley,Santa Cruz,CA,2026-07-10,False,27,2,5,30.31,30.31,30.31,0.0,flat,7480.0
rZ7HnEZ1AffMpd,"Chase Matthew — Prairie Band Casino and Resort, Mayetta ($71 fcst $70→)",Chase Matthew,Chase Matthew,Prairie Band Casino and Resort,Mayetta,KS,2026-09-03,False,56,2,3,71.0,71.0,70.35991729168897,-0.009,flat,503000.0
rZ7HnEZ1Afr_0K,"The Movement — Mulcahy's, Wantagh ($45 fcst $45→)",The Movement,The Movement and Pepper - HIGH TIDE SUMMER TOUR  with special guest Kash'd Out,Mulcahy's,Wantagh,NY,2026-06-20,False,24,2,3,44.55,44.55,44.55,0.0,flat,71100.0
rZ7HnEZ1AfO9jN,"White Denim — SPACE, Evanston ($41 fcst $39→)",White Denim,White Denim w. Arc Iris,SPACE,Evanston,IL,2026-10-13,False,56,1,4,40.54,40.54,39.165099497447535,-0.034,flat,12800.0
rZ7HnEZ1AfOI1K,"Shinyribs — Belly Up, Solana Beach ($27 fcst $27→)",Shinyribs,"Shinyribs, Schaefer Llana",Belly Up,Solana Beach,CA,2026-07-08,False,25,2,3,27.3,27.3,27.3,0.0,flat,7460.0
rZ7HnEZ1AfOgZd,"Chris Travis — Howard Theatre, Washington ($62 fcst $62→)",Chris Travis,Water Boyz Presents Chris Travis Performing Live! THE PREFIX TOUR,Howard Theatre,Washington,DC,2026-06-17,False,24,1,3,62.05,62.05,62.05,0.0,flat,253000.0
rZ7HnEZ1Af744V,"High Fade — SLO Brew Rock, San Luis Obispo ($27 fcst $27→)",High Fade,Twice as Nice Tour ~ High Fade w/ Turning Jane,SLO Brew Rock,San Luis Obispo,CA,2026-07-09,False,26,2,2,27.21,27.21,27.21,0.0,flat,83400.0
rZ7HnEZ1Af7dqV,"High Fade — The Abbey, Orlando ($25 fcst $25→)",High Fade,High Fade - Twice as Nice Tour with Special Guests DeeOhGee,The Abbey,Orlando,FL,2026-07-24,False,41,2,2,25.16,25.16,25.16,0.0,flat,83400.0
rZ7HnEZ1Af7-Gf,"High Fade — Chickie Wah Wah, New Orleans ($27 fcst $27→)",High Fade,High Fade,Chickie Wah Wah,New Orleans,LA,2026-07-19,False,36,2,2,26.96,26.96,26.96,0.0,flat,83400.0
rZ7HnEZ1Af7_47,"High Fade — Crescent Ballroom, Phoenix ($29 fcst $29→)",High Fade,HIGH FADE,Crescent Ballroom,Phoenix,AZ,2026-07-12,False,29,2,2,28.83,28.83,28.83,0.0,flat,83400.0
rZ7HnEZ1Af0YJK,"L7 — Madison Theater (730),  Covington ($136 fcst $130→)",L7,L7: The Last Hurrah Tour 2026,Madison Theater (730), Covington,KY,2026-10-30,False,24,1,3,136.11,136.11,130.077465033957,-0.044,flat,58700.0
rZ7HnEZ1AfOdaK,"Upon a Burning Body — TSDMAAC (Sanctuary), Detroit ($33 fcst $33→)",Upon a Burning Body,"Upon a Burning Body, Traitors, Carcosa, Swollen Teeth, Vexatious",TSDMAAC (Sanctuary),Detroit,MI,2026-06-17,False,24,1,3,32.92,32.92,32.92,0.0,flat,43000.0
rZ7HnEZ1Af0YuK,"Save Ferris — Neurolux Lounge, Boise ($29 fcst $29→)",Save Ferris,"Save Ferris, Guests",Neurolux Lounge,Boise,ID,2026-07-16,False,24,1,3,28.88,28.88,28.534974696681857,-0.012,flat,19600.0
rZ7HnEZ1Afq9AK,"Deer Tick — Thalia Hall, Chicago ($40 fcst $40→)",Deer Tick,Deer Tick with Jobi Riccio,Thalia Hall,Chicago,IL,2026-06-16,False,24,2,2,39.96,39.96,39.96,0.0,flat,12300.0
rZ7HnEZ1Af0Z1K,"Gimme Gimme Disco — Bottom Lounge, Chicago ($22 fcst $22→)",Gimme Gimme Disco,Gimme Gimme Disco,Bottom Lounge,Chicago,IL,2026-06-12,False,24,2,2,22.09,22.09,22.09,0.0,flat,2550.0
rZ7HnEZ1Af-o_d,"42 Dugg — The Forge, Joliet ($56 fcst $56→)",42 Dugg,BABYFACE RAY AND 42 DUGG – 4 THE TRENCHES TOUR,The Forge,Joliet,IL,2026-06-27,False,24,1,2,55.6,55.6,55.6,0.0,flat,968000.0
rZ7HnEZ1AfOyaN,"A Flock of Seagulls — District 142, Wyandotte ($34 fcst $34→)",A Flock of Seagulls,A FLOCK OF SEAGULLS wsg Dr. DeLorean and the Space Invaders,District 142,Wyandotte,MI,2026-06-13,False,24,1,2,33.55,33.55,33.55,0.0,flat,298000.0
rZ7HnEZ1AfOUpK,"Vacation Manor — New World Music Hall, Tampa ($28 fcst $28→)",Vacation Manor,Vacation Manor w/ Nolen Durham in Tampa,New World Music Hall,Tampa,FL,2026-06-22,False,24,1,2,27.51,27.51,27.51,0.0,flat,7150.0
rZ7HnEZ1AfOU4d,"Vacation Manor — Will's Pub, Orlando ($28 fcst $28→)",Vacation Manor,Vacation Manor w/ Nolen Durham and Zozingbo in Orlando,Will's Pub,Orlando,FL,2026-06-21,False,24,1,2,27.51,27.51,27.51,0.0,flat,7150.0
rZ7HnEZ1Af7kZ7,"High Fade — The District, Spokane ($23 fcst $23→)",High Fade,High Fade: Twice as Nice Tour,The District,Spokane,WA,2026-06-21,False,24,1,1,22.56,22.56,22.56,0.0,flat,83400.0
rZ7HnEZ1Af7bCf,"High Fade — Atomic Pavilion, St. Louis ($25 fcst $25→)",High Fade,High Fade - Twice as Nice Tour,Atomic Pavilion,St. Louis,MO,2026-06-13,False,24,1,1,24.75,24.75,24.75,0.0,flat,83400.0
rZ7HnEZ1Af7bf7,"The Mountain Goats — FITZGERALDS PATIO, Berwyn ($70 fcst $70→)",The Mountain Goats,The MOUNTAIN GOATS at FITZGERALDS Outdoors,FITZGERALDS PATIO,Berwyn,IL,2026-06-26,False,24,1,1,70.22,70.22,70.22,0.0,flat,64600.0
rZ7HnEZ1Af7VQ7,"Geordie Greep — Skully's Music Diner, Columbus ($38 fcst $38→)",Geordie Greep,Geordie Greep,Skully's Music Diner,Columbus,OH,2026-06-13,False,24,1,1,38.0,38.0,38.0,0.0,flat,49400.0
rZ7HnEZ1Af7S17,"Geordie Greep — Mr Smalls Theatre, Millvale ($41 fcst $41→)",Geordie Greep,An Evening with Geordie Greep,Mr Smalls Theatre,Millvale,PA,2026-06-16,False,24,1,1,41.16,41.16,41.16,0.0,flat,49400.0
rZ7HnEZ1Af-yCK,"DJ Shadow — Marathon Music Works, Nashville ($49 fcst $54↑)",DJ Shadow,DJ Shadow Celebrates 30 Years of Endtroducing,Marathon Music Works,Nashville,TN,2026-10-23,False,56,35,34,48.71,48.71,53.50948980263772,0.099,rising,259000.0
rZ7HnEZ1AfPYPK,"Bingo Loco — Bourbon Theatre, Lincoln ($46 fcst $52↑)",Bingo Loco,BINGO LOCO,Bourbon Theatre,Lincoln,NE,2026-08-15,False,56,18,51,45.78,45.78,52.17584573316966,0.14,rising,2320.0
rZ7HnEZ1AfP0_d,"Bingo Loco — District 142, Wyandotte ($39 fcst $48↑)",Bingo Loco,BINGO LOCO - Name That Song Game Show,District 142,Wyandotte,MI,2026-08-21,False,56,18,51,38.7,38.7,47.724235972682905,0.233,rising,2320.0
rZ7HnEZ1Af-M_N,"INNA — Joe's Live Rosemont, Rosemont ($100 fcst $108↑)",INNA,INNA,Joe's Live Rosemont,Rosemont,IL,2026-11-21,False,56,35,30,99.62,99.62,107.72453665498963,0.081,rising,8390000.0
rZ7HnEZ1AfPsFN,"Gimme Gimme Disco — The Crocodile, Seattle ($32 fcst $37↑)",Gimme Gimme Disco,Gimme Gimme Disco,The Crocodile,Seattle,WA,2026-08-15,False,56,29,34,31.74,31.739999999999995,37.40106983379225,0.178,rising,2570.0
rZ7HnEZ1AfFk-f,"Turnover — Tioga Sequoia Brewery , Fresno ($41 fcst $50↑)",Turnover,"Turnover, Nothing, Trauma Ray",Tioga Sequoia Brewery ,Fresno,CA,2026-11-13,False,44,15,42,41.1,41.10000000000001,49.52135812906792,0.205,rising,24400.0
rZ7HnEZ1AfFkk7,"almost monday — Knitting Factory - Boise, Boise ($33 fcst $35↑)",almost monday,almost monday – THANK GOD IT'S ALMOST MONDAY,Knitting Factory - Boise,Boise,ID,2026-10-17,False,45,11,43,32.86,32.86,34.60525265542886,0.053,rising,102000.0
rZ7HnEZ1AfjUJK,"Fruit Bats — Tipitina's, New Orleans ($40 fcst $42↑)",Fruit Bats,Fruit Bats,Tipitina's,New Orleans,LA,2026-11-20,False,56,10,44,40.06,40.06,42.15442064356431,0.052,rising,9340.0
rZ7HnEZ1Af0YPd,"SiM — The Basement East, Nashville ($44 fcst $46↑)",SiM,SiM - HOOMAN WORLD TOUR w/ Zero 9:36 and Aurorawave,The Basement East,Nashville,TN,2026-11-10,False,56,7,44,43.53,43.53,46.26349954120117,0.063,rising,397000.0
rZ7HnEZ1Afa-77,"Timmy Trumpet — Time Nightclub, Costa Mesa ($50 fcst $55↑)",Timmy Trumpet,Timmy Trumpet,Time Nightclub,Costa Mesa,CA,2026-10-03,False,25,25,24,49.95,49.95,54.524968314553625,0.092,rising,758000.0
rZ7HnEZ1AfANx7,"gnash — Exit/In, Nashville ($36 fcst $38↑)",gnash,Gnash,Exit/In,Nashville,TN,2026-09-20,False,56,9,35,35.71,35.71,38.39352402651495,0.075,rising,2210000.0
rZ7HnEZ1AfAwGf,"gnash — Crescent Ballroom, Phoenix ($34 fcst $38↑)",gnash,GNASH,Crescent Ballroom,Phoenix,AZ,2026-09-11,False,56,9,35,33.75,33.75,38.29570815698693,0.135,rising,2210000.0
rZ7HnEZ1AfPZ4N,"Quicksand — The Pyramid Scheme, Grand Rapids ($45 fcst $52↑)",Quicksand,Quicksand + Bane + Field Note,The Pyramid Scheme,Grand Rapids,MI,2026-08-27,False,35,10,34,45.03,45.03,51.900331865296245,0.153,rising,1170.0
rZ7HnEZ1AfF6_f,"Phillip Phillips — Crescent Ballroom, Phoenix ($157 fcst $178↑)",Phillip Phillips,PHILLIP PHILLIPS - LET'S GO FAR TOUR,Crescent Ballroom,Phoenix,AZ,2026-10-11,False,44,8,35,156.55,156.55,177.51684611267694,0.134,rising,770000.0
rZ7HnEZ1AfPoFN,"Ethan Regan — The Crocodile, Seattle ($41 fcst $48↑)",Ethan Regan,Ethan Regan - Young Regan Tour w/ harf.,The Crocodile,Seattle,WA,2026-10-04,False,56,9,34,40.92,40.92,47.844775309906126,0.169,rising,5410.0
rZ7HnEZ1Af0e-d,"Theo Katzman — Music Box, San Diego ($41 fcst $45↑)",Theo Katzman,Theo Katzman,Music Box,San Diego,CA,2026-10-30,False,56,9,33,41.3,41.3,45.49426460951656,0.102,rising,53400.0
rZ7HnEZ1AfvJpf,"Aldous Harding — Howard Theatre, Washington ($45 fcst $47↑)",Aldous Harding,ALDOUS HARDING,Howard Theatre,Washington,DC,2026-09-11,False,56,9,33,44.54,44.54,47.06884230694905,0.057,rising,38100.0
rZ7HnEZ1Af0g1d,"Squirrel Flower — Neurolux Lounge, Boise ($20 fcst $21↑)",Squirrel Flower,"Squirrel Flower, Sour Widows",Neurolux Lounge,Boise,ID,2026-11-12,False,56,9,33,19.65,19.65,21.318203676270468,0.085,rising,3440.0
rZ7HnEZ1AfO-od,"Sub Urban — Sonia, Cambridge ($33 fcst $35↑)",Sub Urban,Sub Urban,Sonia,Cambridge,MA,2026-10-03,False,56,6,35,33.44,33.44,35.14443094975644,0.051,rising,6430000.0
rZ7HnEZ1AfOPqd,"Sub Urban — Baba Yaga, Seattle ($32 fcst $35↑)",Sub Urban,Sub Urban: The Bell Tolls Tour,Baba Yaga,Seattle,WA,2026-09-15,False,56,6,35,32.3,32.3,34.580069218906544,0.071,rising,6430000.0
rZ7HnEZ1AfO90K,"Sub Urban — Blind Pig, Ann Arbor ($30 fcst $32↑)",Sub Urban,"Sub Urban, Golden Cats",Blind Pig,Ann Arbor,MI,2026-09-26,False,56,6,35,30.15,30.15,31.883086773910073,0.057,rising,6430000.0
rZ7HnEZ1AfO97S,"Sub Urban — SOMA - Sidestage, San Diego ($34 fcst $37↑)",Sub Urban,Sub Urban - The Bell Tolls,SOMA - Sidestage,San Diego,CA,2026-09-10,False,56,6,35,34.31,34.31,37.03561974075403,0.079,rising,6430000.0
rZ7HnEZ1AfJ7GN,"Justin Nozuka — Off The Rails Music Venue, Worcester ($26 fcst $29↑)",Justin Nozuka,Justin Nozuka,Off The Rails Music Venue,Worcester,MA,2026-10-03,False,56,8,33,26.38,26.380000000000003,28.896464063224478,0.095,rising,65400.0
rZ7HnEZ1Af08eK,"The Expendables — Club LA, Destin ($33 fcst $37↑)",The Expendables,The Expendables,Club LA,Destin,FL,2026-09-30,False,56,7,34,33.14,33.14,36.98322584633163,0.116,rising,1110.0
rZ7HnEZ1Afkb0V,"Vox Rea — Cargo Concert Hall, Reno ($75 fcst $80↑)",Vox Rea,New Constellations: It Comes In Waves Tour,Cargo Concert Hall,Reno,NV,2026-10-22,False,32,5,31,74.83,74.83,79.99037025227666,0.069,rising,1500.0
rZ7HnEZ1AfxoCK,"Finn Wolfhard — The Basement East, Nashville ($74 fcst $83↑)",Finn Wolfhard,SOLD OUT! Finn Wolfhard - The Common Side Effects Tour w/ Malcy,The Basement East,Nashville,TN,2026-10-08,False,56,3,32,74.43,74.43,82.66585767584188,0.111,rising,36300.0
rZ7HnEZ1AfPJ4K,"Cheat Codes — Nova SD, San Diego ($15 fcst $16↑)",Cheat Codes,Cheat Codes,Nova SD,San Diego,CA,2026-08-22,False,56,8,26,14.95,14.95,15.998548305546377,0.07,rising,763000.0
rZ7HnEZ1Afata0,"Bingo Loco — District 142, Wyandotte ($39 fcst $48↑)",Bingo Loco,BINGO LOCO - Name That Song Game Show,District 142,Wyandotte,MI,2026-09-18,False,21,4,21,38.7,38.7,48.2626654159999,0.247,rising,2320.0
rZ7HnEZ1AfaJff,"Beth Hart — The Coach House, San Juan Capistrano ($96 fcst $106↑)",Beth Hart,Beth Hart,The Coach House,San Juan Capistrano,CA,2027-01-07,False,13,5,12,95.55,95.55,105.74416530644253,0.107,rising,502000.0
rZ7HnEZ1AfON7d,"The California Honeydrops — Tipitina's, New Orleans ($46 fcst $52↑)",The California Honeydrops,The California Honeydrops,Tipitina's,New Orleans,LA,2026-10-11,False,56,4,11,45.71,45.71,52.23839547850491,0.143,rising,20800.0
rZ7HnEZ1AfOM0S,"Temples — Tractor, Seattle ($38 fcst $32↓)",Temples,Temples - The BLISS Tour w/ Poppy Jean Crawford,Tractor,Seattle,WA,2026-09-26,False,56,39,35,38.47,38.47,31.80604511126096,-0.173,falling,63500.0
rZ7HnEZ1AfqVQK,"Chasing Abbey — Valley Bar, Phoenix ($35 fcst $31↓)",Chasing Abbey,CHASING ABBEY,Valley Bar,Phoenix,AZ,2026-09-26,False,56,39,35,34.75,34.75,30.50283835158624,-0.122,falling,36300.0
rZ7HnEZ1AfAtpf,"Mushroomhead — Manchester Music Hall, Lexington ($40 fcst $34↓)",Mushroomhead,MUSHROOMHEAD/FEAR FACTORY - SOULS OF A NEW MACHINE TOUR,Manchester Music Hall,Lexington,KY,2026-11-03,False,56,36,35,39.92,39.92,34.21228611401273,-0.143,falling,397000.0
rZ7HnEZ1Af-e8S,"Temples — Thalia Hall, Chicago ($40 fcst $34↓)",Temples,Temples: The BLISS Tour with GIFT,Thalia Hall,Chicago,IL,2026-12-12,False,51,36,35,39.96,39.96,34.10699803159032,-0.146,falling,63500.0
rZ7HnEZ1AfAIq0,"Mushroomhead — The Apollo Theatre Ac, Belvidere ($35 fcst $30↓)",Mushroomhead,"Mushroomhead, Fear Factory, NINE TREASURES ",The Apollo Theatre Ac,Belvidere,IL,2026-10-25,False,56,35,35,35.21,35.21,29.502286114012726,-0.162,falling,397000.0
rZ7HnEZ1AfAtjf,"Mushroomhead — The Basement East, Nashville ($37 fcst $31↓)",Mushroomhead,MUSHROOMHEAD/ FEAR FACTORY co-headline SOULS OF A NEW MACHINE TOUR with guests NINE TREASURES,The Basement East,Nashville,TN,2026-11-11,False,56,35,35,36.58,36.58,30.83272303231167,-0.157,falling,397000.0
rZ7HnEZ1AfOSbK,"Shakey Graves — Tipitina's, New Orleans ($45 fcst $37↓)",Shakey Graves,Shakey Graves,Tipitina's,New Orleans,LA,2026-12-02,False,56,12,51,44.58,44.58,36.73436282235215,-0.176,falling,68200.0
rZ7HnEZ1AfF-uf,"William Black — SOMA - Mainstage, San Diego ($53 fcst $50↓)",William Black,William Black,SOMA - Mainstage,San Diego,CA,2026-09-04,False,37,32,30,53.25,53.25,49.939370964209985,-0.062,falling,30900.0
rZ7HnEZ1Af-MfN,"GWAR — Cargo Concert Hall, Reno ($51 fcst $43↓)",GWAR,"GWAR, Midnight, Mac Sabbath, Atomic Rule",Cargo Concert Hall,Reno,NV,2026-11-15,False,56,10,51,50.75,50.75,43.48322809636445,-0.143,falling,97600.0
rZ7HnEZ1Af-M4K,"GWAR — Midtown, Bend ($44 fcst $38↓)",GWAR,"GWAR, Midnight, Mac Sabbath, Atomic Rule",Midtown,Bend,OR,2026-11-21,False,56,10,51,43.68,43.68,37.59431393052485,-0.139,falling,97600.0
rZ7HnEZ1Af-MfS,"GWAR — Senator Theatre, Chico ($44 fcst $36↓)",GWAR,"GWAR, Midnight, Mac Sabbath, Atomic Rule",Senator Theatre,Chico,CA,2026-11-20,False,56,10,51,43.68,43.68,36.41322809636445,-0.166,falling,97600.0
rZ7HnEZ1AfPUed,"Underoath — SOMA - Mainstage, San Diego ($61 fcst $58↓)",Underoath,Underoath - Define the Great Line 20th Anniversary Tour,SOMA - Mainstage,San Diego,CA,2026-11-10,False,56,10,50,61.48,61.47999999999999,57.97905373563429,-0.057,falling,171000.0
rZ7HnEZ1Af-pbS,"The Wallflowers — Belly Up, Solana Beach ($78 fcst $72↓)",The Wallflowers,"The Wallflowers, The Whitmore Sisters",Belly Up,Solana Beach,CA,2026-10-08,False,56,11,48,77.55,77.55,72.1932765602041,-0.069,falling,292000.0
rZ7HnEZ1Af-p_S,"The Wallflowers — Belly Up, Solana Beach ($78 fcst $72↓)",The Wallflowers,"The Wallflowers, The Whitmore Sisters",Belly Up,Solana Beach,CA,2026-10-09,False,56,11,48,77.55,77.55,72.1932765602041,-0.069,falling,292000.0
rZ7HnEZ1Af-waS,"Citizen — The Hawthorn, St. Louis ($49 fcst $44↓)",Citizen,Citizen - Halcyon Blues,The Hawthorn,St. Louis,MO,2026-09-28,False,56,10,49,49.1,49.1,43.877354223017214,-0.106,falling,18100.0
rZ7HnEZ1AfJv7d,"Lenny Pearce — Marathon Music Works, Nashville ($52 fcst $40↓)",Lenny Pearce,LENNY PEARCE – TODDLER RAVE WORLD TOUR,Marathon Music Works,Nashville,TN,2026-11-15,False,55,10,48,52.14,52.14000000000001,40.37097511157017,-0.226,falling,199000.0
rZ7HnEZ1AfFkO0,"Turnover — Fete Music Hall, Providence ($49 fcst $46↓)",Turnover,Turnover - Down On Earth Tour,Fete Music Hall,Providence,RI,2026-12-01,False,44,15,42,49.28,49.28,46.105706223477895,-0.064,falling,24400.0
rZ7HnEZ1Af0-jK,"Tab Benoit — The Hall, Little Rock ($52 fcst $47↓)",Tab Benoit,Tab Benoit w/ Jesse Dayton - Soul of the Swamp Tour,The Hall,Little Rock,AR,2026-11-15,False,56,9,47,52.14,52.14,47.32782491687536,-0.092,falling,18700.0
rZ7HnEZ1Af-N0K,"Ensiferum — Exit/In, Nashville ($39 fcst $35↓)",Ensiferum,Ensiferum,Exit/In,Nashville,TN,2026-09-11,False,56,9,46,38.6,38.6,34.79791854079519,-0.098,falling,72700.0
rZ7HnEZ1Af-JuN,"Ensiferum — TSDMAAC, Detroit ($38 fcst $31↓)",Ensiferum,"Ensiferum, Firewind, Ardennes",TSDMAAC,Detroit,MI,2026-09-14,False,56,9,46,38.07,38.07000000000001,31.479288246073178,-0.173,falling,72700.0
rZ7HnEZ1Af0FAS,"Arrows In Action — Bottom Lounge, Chicago ($32 fcst $28↓)",Arrows In Action,"Arrows in Action // I Think We've Toured Here Before // Chicago, IL",Bottom Lounge,Chicago,IL,2026-09-25,False,56,9,46,32.39,32.39,27.846122195602543,-0.14,falling,39400.0
rZ7HnEZ1Af04Fd,"Arrows In Action — Crescent Ballroom, Phoenix ($36 fcst $30↓)",Arrows In Action,ARROWS IN ACTION - I THINK WE'VE TOURED HERE BEFORE,Crescent Ballroom,Phoenix,AZ,2026-10-09,False,56,9,46,35.78,35.78,29.87705688168606,-0.165,falling,39400.0
rZ7HnEZ1AfkbfV,"Two Friends — Nova SD, San Diego ($63 fcst $51↓)",Two Friends,Two Friends,Nova SD,San Diego,CA,2026-08-21,False,52,23,30,62.95,62.95,50.89968820988099,-0.191,falling,276000.0
rZ7HnEZ1Af0-jd,"Ax and the Hatchetmen — The Basement East, Nashville ($33 fcst $31↓)",Ax and the Hatchetmen,Ax and the Hatchetmen: The Late Checkout Tour 2026 w/ The Hails,The Basement East,Nashville,TN,2026-10-15,False,56,9,44,33.49,33.489999999999995,31.29230539356458,-0.066,falling,25500.0
rZ7HnEZ1Af00oN,"Ax and the Hatchetmen — Howard Theatre, Washington ($33 fcst $31↓)",Ax and the Hatchetmen,Ax and the Hatchetmen: The Late Checkout Tour 2026,Howard Theatre,Washington,DC,2026-11-14,False,56,9,44,33.21,33.21,31.460202783700463,-0.053,falling,25500.0
rZ7HnEZ1AfF4Q7,"Paul Cauthen — Thalia Hall, Chicago ($46 fcst $41↓)",Paul Cauthen,Paul Cauthen with Ben Chapman,Thalia Hall,Chicago,IL,2026-09-15,False,40,9,39,46.39,46.39,41.2272306052696,-0.111,falling,49000.0
rZ7HnEZ1AfFK-7,"Paul Cauthen — The Refinery, Charleston ($86 fcst $78↓)",Paul Cauthen,20 YEARS OF HOME TEAM BBQ,The Refinery,Charleston,SC,2026-09-26,False,43,9,39,85.57,85.57,77.51111482941977,-0.094,falling,49000.0
rZ7HnEZ1Af-PfN,"Bayonne — Gasa Gasa, New Orleans ($23 fcst $21↓)",Bayonne,Gasa Gasa Presents Bayonne - The ‘Filters’ Tour,Gasa Gasa,New Orleans,LA,2026-10-18,False,56,10,36,22.85,22.85,21.28776500630021,-0.068,falling,12400.0
rZ7HnEZ1Af-fkK,"Bayonne — Valley Bar, Phoenix ($29 fcst $25↓)",Bayonne,BAYONNE - THE ' FILTERS' TOUR,Valley Bar,Phoenix,AZ,2026-11-24,False,56,10,36,28.83,28.83,25.177991645480482,-0.127,falling,12400.0
rZ7HnEZ1AfFI_V,"Anberlin — SLO Brew Rock, San Luis Obispo ($37 fcst $34↓)",Anberlin,"Anberlin, Watashi WA",SLO Brew Rock,San Luis Obispo,CA,2026-10-20,False,35,10,35,36.98,36.98,34.17788084410474,-0.076,falling,83000.0
rZ7HnEZ1AfF7uV,"Dinosaur Jr. — Tipitina's, New Orleans ($55 fcst $52↓)",Dinosaur Jr.,Dinosaur Jr.,Tipitina's,New Orleans,LA,2026-11-07,False,36,9,35,54.68,54.68,51.53724909858318,-0.057,falling,90100.0
rZ7HnEZ1Af0fqS,"Geoff Tate — Cargo Concert Hall, Reno ($47 fcst $39↓)",Geoff Tate,Geoff Tate’s Operation: Mindcrime - The Final Chapter,Cargo Concert Hall,Reno,NV,2026-10-03,False,56,10,34,46.83,46.83,39.243873412591846,-0.162,falling,3480.0
rZ7HnEZ1Af0SFK,"Jenna Raine — The Magic Bag, Ferndale ($27 fcst $23↓)",Jenna Raine,"Magic Bag Presents: Jenna Raine: Jeans, Boys & Jesus Tour",The Magic Bag,Ferndale,MI,2026-09-29,False,56,9,34,26.93,26.93,23.1309824041755,-0.141,falling,446000.0
rZ7HnEZ1AfPOZN,"Plini — Music Box, San Diego ($41 fcst $32↓)",Plini,Plini - An Unnameable Desire North American Tour w/ Night Verses & Portraits,Music Box,San Diego,CA,2026-10-06,False,56,8,35,41.3,41.3,31.672769603923882,-0.233,falling,284000.0
rZ7HnEZ1Afrpfd,"Don West — Belly Up, Solana Beach ($33 fcst $31↓)",Don West,DON WEST,Belly Up,Solana Beach,CA,2026-09-25,False,56,10,33,32.55,32.55,30.675893018497476,-0.058,falling,36800.0
rZ7HnEZ1AfFeef,"Show Me the Body — Grog Shop and B Side, Cleveland Heights ($35 fcst $30↓)",Show Me the Body,"Show Me The Body, Powerplant, Whispers, Holder, S.M.I.L.E., Slugg",Grog Shop and B Side,Cleveland Heights,OH,2026-09-18,False,50,10,33,34.7,34.7,29.584409873027347,-0.147,falling,35400.0
rZ7HnEZ1AfPUaS,"Show Me the Body — Strummer's, Fresno ($35 fcst $28↓)",Show Me the Body,"Show Me The Body, Whispers, Lip Critic, Truck Violence",Strummer's,Fresno,CA,2026-10-01,False,56,10,33,34.92,34.92,28.38844264821728,-0.187,falling,35400.0
rZ7HnEZ1AfPIPK,"Show Me the Body — Grog Shop and B Side, Cleveland Heights ($35 fcst $30↓)",Show Me the Body,"Show Me The Body, Powerplant, Whispers, Lip Critic, Holder, S.M.I.L.E., Slugg",Grog Shop and B Side,Cleveland Heights,OH,2026-09-18,False,56,10,33,35.22,35.22,30.104409873027343,-0.145,falling,35400.0
rZ7HnEZ1AfPgZS,"Show Me the Body — Tangent Gallery, Detroit ($37 fcst $28↓)",Show Me the Body,Show Me The Body,Tangent Gallery,Detroit,MI,2026-09-17,False,56,10,33,36.86,36.86,28.49689331972168,-0.227,falling,35400.0
rZ7HnEZ1Afx6aS,"Wednesday 13 — The Basement East, Nashville ($33 fcst $30↓)",Wednesday 13,Wednesday 13 w/ Dead on a Sunday and Above Snakes,The Basement East,Nashville,TN,2026-10-26,False,56,9,34,33.49,33.49,30.255983228742842,-0.097,falling,31400.0
rZ7HnEZ1AfxduK,"Wednesday 13 — Pop's Concert Venue, Sauget ($34 fcst $30↓)",Wednesday 13,Wednesday 13: Shocktober Blood Tour,Pop's Concert Venue,Sauget,IL,2026-10-27,False,56,9,34,33.61,33.61,30.37598322874284,-0.096,falling,31400.0
rZ7HnEZ1Afx3qN,"Wednesday 13 — Transplants Brewing Company, Palmdale ($29 fcst $26↓)",Wednesday 13,WEDNESDAY 13 with DEAD ON A SUNDAY and ABOVE SNAKES,Transplants Brewing Company,Palmdale,CA,2026-10-03,False,56,9,34,29.36,29.36,26.31311673226745,-0.104,falling,31400.0
rZ7HnEZ1Af-zAN,"Wednesday 13 — Dante's, Portland ($32 fcst $29↓)",Wednesday 13,WEDNESDAY 13 with Dead On A Sunday & Above Snakes,Dante's,Portland,OR,2026-09-26,False,56,9,34,32.42,32.42,29.197544734054677,-0.099,falling,31400.0
rZ7HnEZ1AfP9bS,"French Police — The Crocodile, Seattle ($37 fcst $31↓)",French Police,"French Police, Social Order",The Crocodile,Seattle,WA,2026-10-09,False,56,8,35,37.35,37.35000000000001,31.173628806699075,-0.165,falling,28800.0
rZ7HnEZ1AfFFv7,"INOHA — TSDMAAC, Detroit ($35 fcst $30↓)",INOHA,"INOHA, Capital Soiree, Pretoria",TSDMAAC,Detroit,MI,2026-10-08,False,44,7,35,34.98,34.98,30.215215525469986,-0.136,falling,81100.0
rZ7HnEZ1Af0FCd,"The Mountain Goats — Mr Smalls Theatre, Millvale ($63 fcst $60↓)",The Mountain Goats,The Mountain Goats,Mr Smalls Theatre,Millvale,PA,2026-08-16,False,56,9,33,63.31,63.31,59.565891299922605,-0.059,falling,65300.0
rZ7HnEZ1AfJkFK,"Hey, Nothing — Crescent Ballroom, Phoenix ($47 fcst $39↓)","Hey, Nothing","HEY, NOTHING - THE HOUND TOUR",Crescent Ballroom,Phoenix,AZ,2026-09-29,False,56,8,34,47.37,47.37,38.79978022869783,-0.181,falling,63500.0
rZ7HnEZ1AfFeFf,"Geordie Greep — Albatross, Jacksonville ($34 fcst $31↓)",Geordie Greep,Geordie Greep in Jacksonville,Albatross,Jacksonville,FL,2026-09-15,False,43,9,33,33.53,33.53,31.34584020472401,-0.065,falling,50300.0
rZ7HnEZ1Af0E-S,"King Buffalo — Crescent Ballroom, Phoenix ($35 fcst $32↓)",King Buffalo,KING BUFFALO,Crescent Ballroom,Phoenix,AZ,2026-11-10,False,56,8,34,34.75,34.75,31.613620643448687,-0.09,falling,27200.0
rZ7HnEZ1Af0bjN,"King Buffalo — The Basement East, Nashville ($33 fcst $29↓)",King Buffalo,King Buffalo w/ L.A. Witch,The Basement East,Nashville,TN,2026-11-19,False,56,8,34,33.49,33.49,28.977627224250064,-0.135,falling,27200.0
rZ7HnEZ1Af0bvS,"King Buffalo — Belly Up, Solana Beach ($33 fcst $29↓)",King Buffalo,"King Buffalo, L.A. Witch",Belly Up,Solana Beach,CA,2026-11-09,False,56,8,34,32.55,32.55,29.413620643448684,-0.096,falling,27200.0
rZ7HnEZ1Af0kaS,"Revocation — Dante's, Portland ($27 fcst $25↓)",Revocation,"REVOCATION '20 Years Of Torment' Tour with Defeated Sanity, Fuming Mouth, & Weeping",Dante's,Portland,OR,2026-09-24,False,56,9,33,27.27,27.27,25.26202606884079,-0.074,falling,22500.0
rZ7HnEZ1Af06Od,"Revocation — TSDMAAC, Detroit ($28 fcst $26↓)",Revocation,"Revocation (20 Years Of Torment) wsg: Defeated Sanity, Fuming Mouth, Weeping & Nethergate",TSDMAAC,Detroit,MI,2026-09-13,False,56,9,33,27.77,27.770000000000003,26.334334541370353,-0.052,falling,22500.0
rZ7HnEZ1AfP9-S,"Margaret Glaspy — Beachland Ballroom, Cleveland ($29 fcst $25↓)",Margaret Glaspy,Margaret Glaspy - The I Am Both Tour,Beachland Ballroom,Cleveland,OH,2026-09-17,False,56,9,33,29.27,29.269999999999996,25.316872646469342,-0.135,falling,14400.0
rZ7HnEZ1AfP4pd,"Margaret Glaspy — Mr Smalls Theatre, Millvale ($32 fcst $28↓)",Margaret Glaspy,Margaret Glaspy The I Am Both Tour with Special Guest Anna Tivel,Mr Smalls Theatre,Millvale,PA,2026-09-18,False,56,9,33,32.42,32.42,28.454696043785905,-0.122,falling,14400.0
rZ7HnEZ1AfPE0d,"Dana and Alden — Chickie Wah Wah, New Orleans ($24 fcst $18↓)",Dana and Alden,Dana and Alden,Chickie Wah Wah,New Orleans,LA,2026-10-03,False,56,8,34,23.67,23.67,17.91508201230242,-0.243,falling,11300.0
rZ7HnEZ1AfP0vN,"Dana and Alden — WOW Hall, Eugene ($27 fcst $25↓)",Dana and Alden,Dana and Alden,WOW Hall,Eugene,OR,2026-09-14,False,56,8,34,27.43,27.43,25.182224349686834,-0.082,falling,11300.0
rZ7HnEZ1AfPOvN,"Dana and Alden — Grog Shop, Cleveland Heights ($28 fcst $25↓)",Dana and Alden,"Dana and Alden, Alex Amen",Grog Shop,Cleveland Heights,OH,2026-10-15,False,56,8,34,27.75,27.75,25.18958095630731,-0.092,falling,11300.0
rZ7HnEZ1AfPEFS,"Dana and Alden — Crescent Ballroom, Phoenix ($31 fcst $28↓)",Dana and Alden,DANA AND ALDEN - PAPA'S BOAT TOUR,Crescent Ballroom,Phoenix,AZ,2026-09-27,False,56,8,34,30.89,30.89,28.32958095630731,-0.083,falling,11300.0
rZ7HnEZ1AfPppd,"Dana and Alden — Mr Smalls Theatre, Millvale ($31 fcst $28↓)",Dana and Alden,Dana and Alden Papa's Boat Tour with Special Guest Alex Amen,Mr Smalls Theatre,Millvale,PA,2026-10-17,False,56,8,34,30.88,30.880000000000003,28.31958095630731,-0.083,falling,11300.0
rZ7HnEZ1Af0ajS,"Swervedriver — Grog Shop, Cleveland Heights ($34 fcst $31↓)",Swervedriver,Swervedriver raise at 35,Grog Shop,Cleveland Heights,OH,2026-08-25,False,56,9,33,33.93,33.93,31.015138758333904,-0.086,falling,9450.0
rZ7HnEZ1Af0ofK,"Swervedriver — Thalia Hall, Chicago ($34 fcst $31↓)",Swervedriver,Brooklyn Vegan Presents: Swervedriver raise at 35 with The Life And Times and Slow Fiction,Thalia Hall,Chicago,IL,2026-08-23,False,56,9,33,33.52,33.52,30.605138758333908,-0.087,falling,9450.0
rZ7HnEZ1Af00ZS,"Sweet Pill — Thalia Hall, Chicago ($35 fcst $27↓)",Sweet Pill,Sweet Pill with Heart to Gold and Emily How,Thalia Hall,Chicago,IL,2026-10-07,False,56,8,34,34.56,34.56,27.171476775025923,-0.214,falling,8190.0
rZ7HnEZ1Af007S,"Sweet Pill — New World Music Hall, Tampa ($31 fcst $24↓)",Sweet Pill,Sweet Pill,New World Music Hall,Tampa,FL,2026-11-09,False,56,8,34,30.56,30.560000000000002,23.67606199905513,-0.225,falling,8190.0
rZ7HnEZ1Af0w3d,"Sweet Pill — The Wooly, Gainesville ($34 fcst $27↓)",Sweet Pill,Sweet Pill - US TOUR 2026 - Gainesville,The Wooly,Gainesville,FL,2026-11-07,False,56,8,34,33.53,33.53,26.646061999055135,-0.205,falling,8190.0
rZ7HnEZ1AfjzCd,"Soda Blonde — Off Broadway, Saint Louis ($25 fcst $23↓)",Soda Blonde,Soda Blonde,Off Broadway,Saint Louis,MO,2026-10-09,False,56,9,33,24.7,24.7,23.375686282492403,-0.054,falling,4520.0
rZ7HnEZ1AfkAq0,"Soda Blonde — The Crepe Place, Santa Cruz ($24 fcst $22↓)",Soda Blonde,(((folkYEAH))) Presents:  SODA BLONDE,The Crepe Place,Santa Cruz,CA,2026-10-02,False,56,9,33,23.6,23.6,22.275686282492405,-0.056,falling,4520.0
rZ7HnEZ1AfAUAf,"Soda Blonde — Rumba Cafe, Columbus ($26 fcst $25↓)",Soda Blonde,Soda Blonde,Rumba Cafe,Columbus,OH,2026-09-19,False,56,9,33,26.0,26.0,24.58744430771415,-0.054,falling,4520.0
rZ7HnEZ1AKPSP7,"Samantha Fish — Whisky A Go Go, West Hollywood ($44 fcst $36↓)",Samantha Fish,"Samantha Fish, Jesse Dayton, Indio Downey, Bloodbelly Blues, Zakk DeBono",Whisky A Go Go,West Hollywood,CA,2026-10-31,False,56,8,33,43.75,43.75,35.83431347559725,-0.181,falling,95200.0
rZ7HnEZ1Afk_f0,"Samantha Fish — The Coach House, San Juan Capistrano ($59 fcst $52↓)",Samantha Fish,Samantha Fish,The Coach House,San Juan Capistrano,CA,2026-10-28,False,44,8,33,58.99,58.99000000000001,52.276598222665896,-0.114,falling,95200.0
rZ7HnEZ1Af0-fS,"Justin Nozuka — Blind Pig, Ann Arbor ($35 fcst $31↓)",Justin Nozuka,Justin Nozuka,Blind Pig,Ann Arbor,MI,2026-10-09,False,56,8,33,35.3,35.3,30.725088973841185,-0.13,falling,65400.0
rZ7HnEZ1Af0EJK,"Justin Nozuka — Rumba Cafe, Columbus ($40 fcst $37↓)",Justin Nozuka,Justin Nozuka,Rumba Cafe,Columbus,OH,2026-11-02,False,56,8,33,39.98,39.98,36.58596184486041,-0.085,falling,65400.0
rZ7HnEZ1Af08Jd,"Pokey LaFarge — Sony Hall, New York ($45 fcst $42↓)",Pokey LaFarge,Pokey LaFarge w/ Cicada Rhythm,Sony Hall,New York,NY,2026-11-12,False,56,8,33,45.18,45.18,41.95606028943225,-0.071,falling,61700.0
rZ7HnEZ1AfP3kd,"Julia Jacklin — Mr Smalls Theatre, Millvale ($41 fcst $38↓)",Julia Jacklin,Julia Jacklin North America Tour 2026 with Special Guest Jordan Patterson,Mr Smalls Theatre,Millvale,PA,2026-11-11,False,56,7,34,41.16,41.16,38.44927811888583,-0.066,falling,47300.0
rZ7HnEZ1Afxfqd,"Death From Above 1979 — Thalia Hall, Chicago ($49 fcst $38↓)",Death From Above 1979,Death From Above 1979 - Private Lives Tour with Wine Lips,Thalia Hall,Chicago,IL,2026-11-08,False,56,7,34,49.0,49.0,38.4821671424552,-0.215,falling,47100.0
rZ7HnEZ1Af0AfS,"Death From Above 1979 — Howard Theatre, Washington ($45 fcst $39↓)",Death From Above 1979,Death From Above 1979,Howard Theatre,Washington,DC,2026-12-05,False,56,7,34,44.54,44.54,39.20737695505681,-0.12,falling,47100.0
rZ7HnEZ1AfxpxK,"Death From Above 1979 — The Crocodile, Seattle ($48 fcst $39↓)",Death From Above 1979,Death From Above 1979,The Crocodile,Seattle,WA,2026-10-30,False,56,7,34,47.86,47.86,38.58401497122489,-0.194,falling,47100.0
rZ7HnEZ1AfFoZV,"Hail the Sun — Lost on Main, Chico ($44 fcst $38↓)",Hail the Sun,"Hail The Sun, A Lot Like Birds, Shyeye, Diver",Lost on Main,Chico,CA,2026-10-02,False,43,7,34,43.68,43.67999999999999,37.50362880669907,-0.141,falling,36600.0
rZ7HnEZ1Af-F8K,"The Pineapple Thief — Crescent Ballroom, Phoenix ($64 fcst $59↓)",The Pineapple Thief,THE PINEAPPLE THIEF,Crescent Ballroom,Phoenix,AZ,2026-12-05,False,56,7,34,63.85,63.85,59.00397952531788,-0.076,falling,34200.0
rZ7HnEZ1Af-Aed,"The Pineapple Thief — Howard Theatre, Washington ($50 fcst $46↓)",The Pineapple Thief,The Pineapple Thief,Howard Theatre,Washington,DC,2026-11-17,False,56,7,34,49.68,49.68000000000001,45.938213211842495,-0.075,falling,34200.0
rZ7HnEZ1Af0oqd,"Hovvdy — Thalia Hall, Chicago ($34 fcst $31↓)",Hovvdy,Hovvdy with Christian Lee Hutson,Thalia Hall,Chicago,IL,2026-11-11,False,56,8,33,33.52,33.52,31.498235933352742,-0.06,falling,5950.0
rZ7HnEZ1Af0_ad,"Hovvdy — Valley Bar, Phoenix ($35 fcst $33↓)",Hovvdy,HOVVDY,Valley Bar,Phoenix,AZ,2026-10-23,False,56,8,33,34.75,34.75,32.54846459411124,-0.063,falling,5950.0
rZ7HnEZ1AfFZuV,"High Vis — The Hawthorn, St. Louis ($43 fcst $41↓)",High Vis,Basement,The Hawthorn,St. Louis,MO,2026-11-07,False,50,7,33,43.08,43.08,40.81611133257062,-0.053,falling,6400.0
rZ7HnEZ1AfFbbV,"Cardinal Bloom — Gasa Gasa, New Orleans ($17 fcst $16↓)",Cardinal Bloom,Cardinal Bloom - Burn the House Tour,Gasa Gasa,New Orleans,LA,2026-10-21,False,40,7,33,17.2,17.2,16.297140060859384,-0.052,falling,2220.0
rZ7HnEZ1AfPZaN,"Boston Manor — Bottom Lounge, Chicago ($43 fcst $35↓)",Boston Manor,"Boston Manor, Spaced",Bottom Lounge,Chicago,IL,2026-11-04,False,56,6,33,43.2,43.2,35.110870906266854,-0.187,falling,15000.0
rZ7HnEZ1AfFUef,"Guardin — Smith's Olde Bar, Atlanta ($23 fcst $21↓)",Guardin,"guardin w/ kennedyxoxo, Fijimar",Smith's Olde Bar,Atlanta,GA,2026-10-14,False,35,7,31,22.64,22.64,21.017347885368572,-0.072,falling,138000.0
rZ7HnEZ1AfOgON,"Silverada — Natalie's Grandview, Columbus ($31 fcst $29↓)",Silverada,Silverada w/ Low Gap,Natalie's Grandview,Columbus,OH,2026-10-09,False,56,6,32,30.75,30.750000000000004,28.69209278115574,-0.067,falling,14800.0
rZ7HnEZ1AfFFCf,"Automatic — Valley Bar, Phoenix ($35 fcst $29↓)",Automatic,AUTOMATIC,Valley Bar,Phoenix,AZ,2026-10-22,False,43,6,32,34.75,34.75,29.18149600369862,-0.16,falling,13300.0
rZ7HnEZ1AfFAFV,"Automatic — Sonia, Cambridge ($32 fcst $26↓)",Automatic,"Automatic, Accessory",Sonia,Cambridge,MA,2026-09-25,False,43,6,32,31.91,31.91,26.484628434358047,-0.17,falling,13300.0
rZ7HnEZ1AfFd4V,"Automatic — Belly Up, Solana Beach ($32 fcst $26↓)",Automatic,Automatic - North America Tour '26 w/ Nuovo Testamento,Belly Up,Solana Beach,CA,2026-10-21,False,43,6,32,31.55,31.55,26.124628434358048,-0.172,falling,13300.0
rZ7HnEZ1Afxo8S,"Son Volt — Music Box, San Diego ($38 fcst $36↓)",Son Volt,"Son Volt, Kelly Willis",Music Box,San Diego,CA,2026-11-21,False,56,6,32,38.3,38.3,35.970135815967396,-0.061,falling,7200.0
rZ7HnEZ1AfFte7,"The Beths — The Mill & Mine, Knoxville ($37 fcst $31↓)",The Beths,The Beths: By Request Tour,The Mill & Mine,Knoxville,TN,2026-09-29,False,32,5,32,37.07,37.07,30.66045825097709,-0.173,falling,47800.0
rZ7HnEZ1AfFboV,"Homeshake — Music Box, San Diego ($46 fcst $40↓)",Homeshake,josh conway - the plum tour w/ HOMESHAKE,Music Box,San Diego,CA,2026-10-09,False,36,5,32,45.8,45.8,39.8337255784523,-0.13,falling,35700.0
rZ7HnEZ1AfF__7,"Homeshake — Thalia Hall, Chicago ($34 fcst $28↓)",Homeshake,josh conway: the plum tour with special guest HOMESHAKE (solo),Thalia Hall,Chicago,IL,2026-09-23,False,36,5,32,33.52,33.519999999999996,27.553725578452312,-0.178,falling,35700.0
rZ7HnEZ1Af0euN,"Fortunate Youth — SLO Brew Rock, San Luis Obispo ($39 fcst $33↓)",Fortunate Youth,Fortunate Youth,SLO Brew Rock,San Luis Obispo,CA,2026-09-27,False,56,5,31,39.05,39.05,32.56843699361262,-0.166,falling,108000.0
rZ7HnEZ1AfPood,"Gilla Band — Valley Bar, Phoenix ($35 fcst $27↓)",Gilla Band,GILLA BAND,Valley Bar,Phoenix,AZ,2026-11-07,False,56,4,32,34.75,34.75,27.32654350475022,-0.214,falling,19500.0
rZ7HnEZ1AfjbjN,"Gilla Band — Bottom Lounge, Chicago ($32 fcst $25↓)",Gilla Band,"Gilla Band, Piss",Bottom Lounge,Chicago,IL,2026-10-23,False,56,4,32,32.39,32.39,24.71788061485723,-0.237,falling,19500.0
rZ7HnEZ1Af0o7K,"Devon Gilfillian — The Crocodile, Seattle ($37 fcst $35↓)",Devon Gilfillian,Devon Gilfillian - Time Will Tell Tour,The Crocodile,Seattle,WA,2026-10-06,False,56,5,31,37.35,37.35,35.40651002383702,-0.052,falling,17100.0
rZ7HnEZ1AfaAq7,"Automatic — Neurolux Lounge, Boise ($28 fcst $22↓)",Automatic,"Automatic, Donzii",Neurolux Lounge,Boise,ID,2026-10-09,False,31,5,31,27.85,27.849999999999998,22.42462843435805,-0.195,falling,13300.0
rZ7HnEZ1AfAUPf,"Buck Meek — WOW Hall, Eugene ($31 fcst $29↓)",Buck Meek,Buck Meek,WOW Hall,Eugene,OR,2026-12-05,False,56,3,33,31.03,31.030000000000005,29.398667231261943,-0.053,falling,4250.0
rZ7HnEZ1AfOofK,"Dwarves — Nikki Lopez Philly, Philadelphia ($30 fcst $27↓)",Dwarves,Dwarves,Nikki Lopez Philly,Philadelphia,PA,2026-09-04,False,56,2,32,29.82,29.82,27.02075023251996,-0.094,falling,341000.0
rZ7HnEZ1AfFxG7,"Dwarves — Solaris Beer & Blending, Murrieta ($29 fcst $23↓)",Dwarves,DWARVES  LIVE AT SOLARIS,Solaris Beer & Blending,Murrieta,CA,2026-09-13,False,41,2,32,29.36,29.360000000000003,23.348697007709486,-0.205,falling,341000.0
rZ7HnEZ1AfOKjK,"Dwarves — Gold Sounds, Brooklyn ($30 fcst $27↓)",Dwarves,"Dwarves, Runny",Gold Sounds,Brooklyn,NY,2026-09-05,False,56,2,32,29.86,29.86,27.060750232519958,-0.094,falling,341000.0
rZ7HnEZ1Af-9GS,"Willow Avalon — Joe's Live Rosemont, Rosemont ($33 fcst $31↓)",Willow Avalon,Willow Avalon - Pink Pocket Pistol Tour,Joe's Live Rosemont,Rosemont,IL,2026-10-16,False,56,5,29,32.52,32.52,30.81520045802299,-0.052,falling,40200.0
rZ7HnEZ1AfJ8ad,"Paul Oakenfold — Jannus Live, St. Petersburg ($45 fcst $41↓)",Paul Oakenfold,Paul Oakenfold w/ The Crystal Method in St. Pete,Jannus Live,St. Petersburg,FL,2026-11-14,False,17,17,16,45.06,45.06,40.55721139390003,-0.1,falling,85700.0
rZ7HnEZ1AfFZ47,"Great Lake Swimmers — The Merry Widow, Mobile ($24 fcst $20↓)",Great Lake Swimmers,GREAT LAKE SWIMMERS,The Merry Widow,Mobile,AL,2026-10-18,False,50,2,31,23.76,23.76,20.39234730708633,-0.142,falling,10300.0
rZ7HnEZ1AfPe-K,"Stop Light Observations — Jack London Revue, Portland ($31 fcst $30↓)",Stop Light Observations,STOP LIGHT OBSERVATIONS,Jack London Revue,Portland,OR,2026-11-07,False,56,1,31,31.39,31.39,29.81245978933346,-0.05,falling,9760.0
rZ7HnEZ1AfP9Zd,"Stop Light Observations — Hidden Hall, Seattle ($34 fcst $31↓)",Stop Light Observations,Stop Light Observations,Hidden Hall,Seattle,WA,2026-11-05,False,56,1,31,33.85,33.85,31.338969299295396,-0.074,falling,9760.0
rZ7HnEZ1AfP7ad,"Dent May — Neurolux Lounge, Boise ($24 fcst $22↓)",Dent May,"Dent May, Tears Of Bliss",Neurolux Lounge,Boise,ID,2026-09-19,False,56,1,31,23.75,23.75,22.41083162374386,-0.056,falling,5430.0
rZ7HnEZ1Afap7V,"Token — Blind Pig, Ann Arbor ($30 fcst $27↓)",Token,"Token, Clark D, DJ Lucas",Blind Pig,Ann Arbor,MI,2026-11-19,False,26,5,25,30.15,30.15,27.206223589417668,-0.098,falling,1160000.0
rZ7HnEZ1Afad_V,"Lauren Watkins — Carol's Pub, Chicago ($14 fcst $12↓)",Lauren Watkins,Lauren Watkins - If I’m Being Honest Tour with Jordan Cobb,Carol's Pub,Chicago,IL,2026-09-25,False,25,5,25,14.14,14.14,12.48771148563148,-0.117,falling,14500.0
rZ7HnEZ1Afa0o7,"Token — Grog Shop, Cleveland Heights ($25 fcst $23↓)",Token,Token - I’m Leaving Soon Tour,Grog Shop,Cleveland Heights,OH,2026-11-21,False,24,5,24,25.43,25.43,22.533396833273677,-0.114,falling,1160000.0
rZ7HnEZ1AfaO-7,"Messa — The Pyramid Scheme, Grand Rapids ($27 fcst $23↓)",Messa,Messa + Mothertomb + Rip VanRipper + Aksumite,The Pyramid Scheme,Grand Rapids,MI,2026-10-05,False,24,6,23,27.27,27.27,22.77480145336948,-0.165,falling,18400.0
rZ7HnEZ1AfbdFN,"The Residents — Sony Hall, New York ($61 fcst $54↓)",The Residents,The Residents - Eskimo Live,Sony Hall,New York,NY,2026-10-12,False,27,5,24,61.25,61.25000000000001,54.36554319111132,-0.112,falling,18400.0
rZ7HnEZ1AfaNAV,"Blitzkid — Strummer's, Fresno ($27 fcst $25↓)",Blitzkid,BLITZKID Modern Hel Tour 2026,Strummer's,Fresno,CA,2026-10-23,False,23,4,22,27.21,27.21,24.92775876160978,-0.084,falling,13500.0
rZ7HnEZ1AfaFv0,"Blitzkid — The Pyramid Scheme, Grand Rapids ($27 fcst $25↓)",Blitzkid,Blitzkid: Modern Hel Tour + EPCYA + RTNR + The Burdens,The Pyramid Scheme,Grand Rapids,MI,2026-11-06,False,23,4,22,27.27,27.27,24.98775876160978,-0.084,falling,13500.0
rZ7HnEZ1AfaAu7,"Blitzkid — The Southgate House Revival - Sanctuary, Newport ($27 fcst $25↓)",Blitzkid,BLITZKID: Modern Hel Tour 2026,The Southgate House Revival - Sanctuary,Newport,KY,2026-10-05,False,23,4,22,27.28,27.28,25.140891192269212,-0.078,falling,13500.0
rZ7HnEZ1Afa6x7,"Blitzkid — Conduit, Winter Park ($28 fcst $25↓)",Blitzkid,Blitzkid in Orlando,Conduit,Winter Park,FL,2026-11-24,False,23,4,22,27.51,27.51,24.99979464959368,-0.091,falling,13500.0
rZ7HnEZ1Afax_0,"Blitzkid — Rumba Cafe, Columbus ($32 fcst $29↓)",Blitzkid,BLITZKID: Modern Hel Tour 2026,Rumba Cafe,Columbus,OH,2026-10-03,False,23,4,22,32.0,32.0,28.654475939198043,-0.105,falling,13500.0
rZ7HnEZ1AfaxP7,"Blitzkid — Bourbon Theatre, Lincoln ($23 fcst $21↓)",Blitzkid,BLITZKID: Modern Hel Tour 2026 with Silksun & Absence+Alchemy,Bourbon Theatre,Lincoln,NE,2026-11-01,False,23,4,22,23.12,23.12,20.83775876160978,-0.099,falling,13500.0
rZ7HnEZ1AfaAa7,"Blitzkid — The Magic Bag, Ferndale ($32 fcst $30↓)",Blitzkid,BLITZKID: Modern Hel Tour 2026 with Special Guests,The Magic Bag,Ferndale,MI,2026-11-08,False,23,4,22,32.32,32.32,29.998195679908726,-0.072,falling,13500.0
rZ7HnEZ1Afa60f,"Blitzkid — Sonia, Cambridge ($28 fcst $26↓)",Blitzkid,BLITZKID: Modern Hel Tour,Sonia,Cambridge,MA,2026-12-18,False,23,4,22,27.79,27.79,25.87238937106956,-0.069,falling,13500.0
rZ7HnEZ1Afak37,"Blitzkid — Dante's, Portland ($26 fcst $24↓)",Blitzkid,BLITZKID: Modern Hel Tour 2026 with guests,Dante's,Portland,OR,2026-10-27,False,23,4,22,26.24,26.24,23.957758761609778,-0.087,falling,13500.0
rZ7HnEZ1Afap_7,"Messa — The Alpine, Reno ($26 fcst $23↓)",Messa,Messa,The Alpine,Reno,NV,2026-09-22,False,19,6,19,25.72,25.72,22.817770959090147,-0.113,falling,18400.0
rZ7HnEZ1Af0_0d,"Every Avenue — Bottom Lounge, Chicago ($29 fcst $26↓)",Every Avenue,Every Avenue x In Her Own Words - Perfectly Unfamiliar Tour,Bottom Lounge,Chicago,IL,2026-10-22,False,56,7,18,28.78,28.78,25.629335602146043,-0.109,falling,17200.0
rZ7HnEZ1Af7Zv7,"Ben Chapman — The Basement East, Nashville ($20 fcst $18↓)",Ben Chapman,Ben Chapman's Peach Jam,The Basement East,Nashville,TN,2026-12-09,False,54,4,21,19.88,19.88,17.998954334920167,-0.095,falling,3060.0
rZ7HnEZ1Af0d-d,"Dax — District 142, Wyandotte ($29 fcst $28↓)",Dax,DAX - The Anger Management Tour,District 142,Wyandotte,MI,2026-11-24,False,56,2,22,29.43,29.43,27.53184559902196,-0.064,falling,8820000.0
rZ7HnEZ1AfaFA0,"River Shook — Bleecker Bell, New York ($23 fcst $22↓)",River Shook,River Shook,Bleecker Bell,New York,NY,2026-09-24,False,25,2,22,23.25,23.25,21.545200458022986,-0.073,falling,6290.0
rZ7HnEZ1Af-FFN,"Aaron Rowe — Rumba Cafe, Columbus ($18 fcst $17↓)",Aaron Rowe,Aaron Rowe w/ KAKI,Rumba Cafe,Columbus,OH,2026-09-23,False,56,3,20,18.5,18.5,17.00291505816741,-0.081,falling,5170.0
rZ7HnEZ1Afa317,"The Linda Lindas — The Liberty, Roswell ($43 fcst $36↓)",The Linda Lindas,The Linda Lindas with The Rat Utopia Experiment,The Liberty,Roswell,NM,2026-11-04,False,27,6,15,43.32,43.31999999999999,36.3192356619262,-0.162,falling,64800.0
rZ7HnEZ1AfaE70,"Paul Oakenfold — Music Box, San Diego ($61 fcst $55↓)",Paul Oakenfold,Paul Oakenfold + The Crystal Method - Mission Underground 2026 Tour,Music Box,San Diego,CA,2026-11-06,False,17,4,16,60.8,60.8,55.18582231100969,-0.092,falling,85700.0
rZ7HnEZ1Afaa70,"Mariachi El Bronx — Mr Smalls Theatre, Millvale ($41 fcst $35↓)",Mariachi El Bronx,Mariachi El Bronx with  Bedouin Soundclash and Max Diaz,Mr Smalls Theatre,Millvale,PA,2026-09-29,False,24,5,12,41.16,41.16,34.95276554763786,-0.151,falling,12300.0
rZ7HnEZ1AfaaP7,"The Aquabats! — Ventura Theater, Ventura ($45 fcst $37↓)",The Aquabats!,"The Aquabats!, Manic Hispanic, sullvn",Ventura Theater,Ventura,CA,2026-10-17,False,26,4,12,45.22,45.22,36.83442392782223,-0.185,falling,313000.0
rZ7HnEZ1AfagGV,"Devon Gilfillian — SPACE, Evanston ($34 fcst $31↓)",Devon Gilfillian,Devon Gilfillian – Time Will Tell Tour,SPACE,Evanston,IL,2026-09-25,False,12,4,12,33.9,33.9,31.485255613626435,-0.071,falling,17100.0
rZ7HnEZ1AfPfGS,"CAIN — Geyer Springs First Baptist Church, Little Rock ($28 fcst $21↓)",CAIN,"CAIN Live and In Worship Tour with special guest Leeland - Little Rock, AR",Geyer Springs First Baptist Church,Little Rock,AR,2026-10-22,False,56,2,13,27.62,27.62,21.27119753752379,-0.23,falling,273000.0
rZ7HnEZ1AfPfpd,"CAIN — Vaughn Forest Church, Montgomery ($28 fcst $21↓)",CAIN,"CAIN Live and In Worship Tour with special guest Patrick Mayberry - Montgomery, AL",Vaughn Forest Church,Montgomery,AL,2026-11-01,False,56,2,13,27.62,27.62,21.364134872284687,-0.226,falling,273000.0
rZ7HnEZ1AfPf8d,"CAIN — Elmbrook Church, Brookfield ($28 fcst $22↓)",CAIN,CAIN Live and In Worship Tour with special guest Kristian Stanfill - Brookfield WI,Elmbrook Church,Brookfield,WI,2026-10-10,False,56,2,13,27.62,27.619999999999997,21.997434739428446,-0.204,falling,273000.0
rZ7HnEZ1AfPf3K,"CAIN — Sheffield Family Life Center, Kansas City  ($28 fcst $22↓)",CAIN,"CAIN Live and In Worship Tour with special guest Joe L Barnes - Kansas City, MO",Sheffield Family Life Center,Kansas City ,MO,2026-10-15,False,56,2,13,27.62,27.62,21.994715199614603,-0.204,falling,273000.0
rZ7HnEZ1AfPfFN,"CAIN — Liberation Church, Richmond ($28 fcst $22↓)",CAIN,"CAIN Live and In Worship Tour with special guest Jon Reddick - Richmond, VA",Liberation Church,Richmond,VA,2026-09-25,False,56,2,13,27.62,27.619999999999997,21.544342084174154,-0.22,falling,273000.0
rZ7HnEZ1AfPfuK,"CAIN — Mt. Horeb Church, Lexington ($28 fcst $21↓)",CAIN,"CAIN Live and In Worship Tour with special guest Patrick Mayberry - Lexington, SC",Mt. Horeb Church,Lexington,SC,2026-10-30,False,56,2,13,27.62,27.62,21.364134872284687,-0.226,falling,273000.0
rZ7HnEZ1AfPfbK,"CAIN — Northwood Church, Keller ($28 fcst $21↓)",CAIN,"CAIN Live and In Worship Tour with special guest bodie - Keller, TX",Northwood Church,Keller,TX,2026-11-05,False,56,2,13,27.62,27.62,21.364134872284687,-0.226,falling,273000.0
rZ7HnEZ1AfPfFd,"CAIN — Eagles Landing First Baptist Church, McDonough ($28 fcst $22↓)",CAIN,"CAIN Live and In Worship Tour with special guest Jon Reddick - McDonough, GA",Eagles Landing First Baptist Church,McDonough,GA,2026-09-24,False,56,2,13,27.62,27.619999999999997,21.544342084174154,-0.22,falling,273000.0
rZ7HnEZ1AfPffS,"CAIN — Wright Center at Samford University, Birmingham ($28 fcst $21↓)",CAIN,"CAIN Live and In Worship Tour with special guest Patrick Mayberry - Birmingham, AL",Wright Center at Samford University,Birmingham,AL,2026-10-29,False,56,2,13,27.62,27.62,21.364134872284687,-0.226,falling,273000.0
rZ7HnEZ1AfPffd,"CAIN — Council Road Baptist Church, Bethany ($28 fcst $21↓)",CAIN,"CAIN Live and In Worship Tour with special guest Leeland - Bethany, OK",Council Road Baptist Church,Bethany,OK,2026-10-24,False,56,2,13,27.62,27.62,21.27119753752379,-0.23,falling,273000.0
rZ7HnEZ1AfPfGK,"CAIN — Erie First Assembly, Erie ($34 fcst $28↓)",CAIN,"CAIN Live and In Worship Tour with special guest Lizzie Morgan - Erie, PA",Erie First Assembly,Erie,PA,2026-10-03,False,56,2,13,33.6,33.6,27.76557385115479,-0.174,falling,273000.0
rZ7HnEZ1AfPKaS,"CAIN — The Naz Church, Grove City ($28 fcst $22↓)",CAIN,"CAIN Live and In Worship Tour with special guest Jenn Johnson - Grove City, OH",The Naz Church,Grove City,OH,2026-09-17,False,56,2,13,27.62,27.619999999999997,22.361277886861707,-0.19,falling,273000.0
rZ7HnEZ1AfPfjN,"CAIN — SeaCoast Grace Church, Cypress ($28 fcst $21↓)",CAIN,"CAIN Live and In Worship Tour with special guest bodie - Cypress, CA",SeaCoast Grace Church,Cypress,CA,2026-11-08,False,56,2,13,27.62,27.620000000000005,20.859781778555476,-0.245,falling,273000.0
rZ7HnEZ1AfPp_K,"CAIN — Bethesda Christian Church, Sterling Heights ($28 fcst $22↓)",CAIN,"CAIN Live and In Worship Tour with special guest Joe L Barnes - Detroit, MI",Bethesda Christian Church,Sterling Heights,MI,2026-10-17,False,56,2,13,27.62,27.62,21.55624547560693,-0.22,falling,273000.0
rZ7HnEZ1AfPf_N,"CAIN — Dream City Church, Phoenix ($28 fcst $21↓)",CAIN,"CAIN Live and In Worship Tour with special guest bodie - Phoenix, AZ",Dream City Church,Phoenix,AZ,2026-11-07,False,56,2,13,27.62,27.620000000000005,20.859781778555476,-0.245,falling,273000.0
rZ7HnEZ1AfaU8V,"Joy Oladokun — Crescent Ballroom, Phoenix ($110 fcst $104↓)",Joy Oladokun,JOY OLADOKUN: THE HEAVY THINGS TOUR,Crescent Ballroom,Phoenix,AZ,2026-10-20,False,13,3,12,110.2,110.2,104.38637656927158,-0.053,falling,63700.0
rZ7HnEZ1AfrfaK,"Cheekface — The Crocodile, Seattle ($11 fcst $9↓)",Cheekface,Cheekface w/ special guest Waitress,The Crocodile,Seattle,WA,2026-10-18,False,56,2,13,10.84,10.84,9.342915058167414,-0.138,falling,7980.0
rZ7HnEZ1AfOF8N,"Cheekface — Strummer's, Fresno ($10 fcst $9↓)",Cheekface,Cheekface with special guest Bodega,Strummer's,Fresno,CA,2026-10-22,False,56,2,13,10.35,10.35,8.660416060467638,-0.163,falling,7980.0
rZ7HnEZ1Af-v7K,"Low Cut Connie — Gasa Gasa, New Orleans ($28 fcst $26↓)",Low Cut Connie,Low Cut Connie,Gasa Gasa,New Orleans,LA,2026-10-30,False,56,4,10,28.0,28.0,26.429533844170415,-0.056,falling,7640.0
rZ7HnEZ1Af-v7d,"Low Cut Connie — Gasa Gasa, New Orleans ($28 fcst $26↓)",Low Cut Connie,Low Cut Connie,Gasa Gasa,New Orleans,LA,2026-10-31,False,56,4,10,28.0,28.0,26.429533844170415,-0.056,falling,7640.0
rZ7HnEZ1AfJF4K,"American Aquarium — Bourbon Theatre, Lincoln ($27 fcst $25↓)",American Aquarium,American Aquarium,Bourbon Theatre,Lincoln,NE,2026-10-24,False,55,1,8,27.24,27.24,25.013757956882582,-0.082,falling,13500.0
rZ7HnEZ1Afk3Pf,"American Aquarium — The Merry Widow, Mobile ($29 fcst $27↓)",American Aquarium,American Aquarium,The Merry Widow,Mobile,AL,2026-12-01,False,55,1,8,28.91,28.91,26.85209278115574,-0.071,falling,13500.0
rZ7HnEZ1Afqt8S,"Chasing Abbey — Bottom Lounge, Chicago ($32 fcst $45⇈)",Chasing Abbey,Chasing Abbey,Bottom Lounge,Chicago,IL,2026-10-08,False,56,34,35,32.39,32.39,44.78696173095465,0.383,steep,36300.0
rZ7HnEZ1AfxFaK,"The Menzingers — WOW Hall, Eugene ($43 fcst $29⇈)",The Menzingers,The Menzingers: Everything I Ever Saw North American Tour,WOW Hall,Eugene,OR,2026-10-09,False,56,9,49,43.39,43.39,29.45954451740034,-0.321,steep,17600.0
rZ7HnEZ1AfPVPd,"The Funeral Portrait — Bourbon Theatre, Lincoln ($27 fcst $50⇈)",The Funeral Portrait,"The Funeral Portrait, Pinknoise, Anyone Else",Bourbon Theatre,Lincoln,NE,2026-11-10,False,52,9,48,27.24,27.239999999999995,49.60487464638082,0.821,steep,3700.0
rZ7HnEZ1AfPY-K,"The Funeral Portrait — The Signal - Concert Hall, Chattanooga ($38 fcst $61⇈)",The Funeral Portrait,The Funeral Portrait: A Ghoulish Gathering In Suffocate City,The Signal - Concert Hall,Chattanooga,TN,2026-10-31,False,56,9,48,38.36,38.36,60.526787389817365,0.578,steep,3700.0
rZ7HnEZ1AfPVaK,"The Funeral Portrait — Cargo Concert Hall, Reno ($35 fcst $57⇈)",The Funeral Portrait,"The Funeral Portrait, PINKNOISE",Cargo Concert Hall,Reno,NV,2026-11-19,False,52,9,48,34.61,34.61,56.97487464638082,0.646,steep,3700.0
rZ7HnEZ1Afkoj7,"Ryan Beatty — Crescent Ballroom, Phoenix ($51 fcst $35⇈)",Ryan Beatty,RYAN BEATTY - ARMS OVER ARMOR NORTH AMERICAN TOUR '26,Crescent Ballroom,Phoenix,AZ,2026-09-16,False,55,10,44,50.98,50.980000000000004,35.29249766980518,-0.308,steep,334000.0
rZ7HnEZ1Afk4Cf,"Hazlett — WOW Hall, Eugene ($31 fcst $17⇈)",Hazlett,Hazlett,WOW Hall,Eugene,OR,2026-10-16,False,52,9,43,31.03,31.029999999999998,16.656848925255865,-0.463,steep,53600.0
rZ7HnEZ1AfJF-N,"Hazlett — Belly Up, Solana Beach ($33 fcst $15⇈)",Hazlett,Hazlett - The North American Tour '26,Belly Up,Solana Beach,CA,2026-10-22,False,52,9,43,32.55,32.55,14.76105489180981,-0.547,steep,53600.0
rZ7HnEZ1Af0aCK,"Slow Pulp — Crescent Ballroom, Phoenix ($37 fcst $68⇈)",Slow Pulp,SLOW PULP,Crescent Ballroom,Phoenix,AZ,2026-10-31,False,56,8,43,37.33,37.33,67.64744988156323,0.812,steep,21000.0
rZ7HnEZ1Af0-AS,"Tropidelic — Middle Ages Music Hall, Syracuse ($30 fcst $22⇈)",Tropidelic,"Tropidelic with Surfer Girl, The Quasi Kings",Middle Ages Music Hall,Syracuse,NY,2026-11-13,False,56,7,43,29.58,29.579999999999995,21.8488399263991,-0.261,steep,30600.0
rZ7HnEZ1Af0O_N,"Tropidelic — Mr Smalls Theatre, Millvale ($34 fcst $23⇈)",Tropidelic,Tropidelic with The Quasi Kings,Mr Smalls Theatre,Millvale,PA,2026-11-15,False,56,7,43,34.48,34.480000000000004,23.302680505919078,-0.324,steep,30600.0
rZ7HnEZ1AfFdjf,"almost monday — Exit/In, Nashville ($33 fcst $54⇈)",almost monday,Almost Monday,Exit/In,Nashville,TN,2026-10-30,False,38,11,37,33.34,33.34,53.87026636549638,0.616,steep,102000.0
rZ7HnEZ1Afq_8S,"Deer Tick — The Basement East, Nashville ($37 fcst $46⇈)",Deer Tick,Deer Tick w/ DUG,The Basement East,Nashville,TN,2026-11-05,False,56,10,34,37.09,37.09,46.47780256886492,0.253,steep,12400.0
rZ7HnEZ1Af07PN,"Carbon Leaf — Neurolux Lounge, Boise ($29 fcst $41⇈)",Carbon Leaf,Carbon Leaf,Neurolux Lounge,Boise,ID,2026-10-06,False,56,10,34,28.88,28.88,41.21405470467627,0.427,steep,11000.0
rZ7HnEZ1Afx3qd,"Carbon Leaf — The District, Spokane ($37 fcst $48⇈)",Carbon Leaf,Carbon Leaf,The District,Spokane,WA,2026-10-05,False,56,10,34,37.49,37.49,48.32852888194631,0.289,steep,11000.0
rZ7HnEZ1Afq8AN,"Carbon Leaf — Barnato, Omaha ($27 fcst $38⇈)",Carbon Leaf,CARBON LEAF,Barnato,Omaha,NE,2026-10-13,False,56,10,34,27.28,27.28,38.23913943873394,0.402,steep,11000.0
rZ7HnEZ1AfFZZf,"Phillip Phillips — Knitting Factory - Boise, Boise ($44 fcst $65⇈)",Phillip Phillips,Phillip Phillips - Let's Go Far Tour,Knitting Factory - Boise,Boise,ID,2026-10-04,False,44,8,35,43.67,43.67,64.63684611267692,0.48,steep,770000.0
rZ7HnEZ1AfFee7,"Phillip Phillips — Exit/In, Nashville ($45 fcst $79⇈)",Phillip Phillips,Phillip Phillips,Exit/In,Nashville,TN,2026-11-19,False,44,8,35,45.19,45.19,79.10063306234781,0.75,steep,770000.0
rZ7HnEZ1AfP9ud,"Plini — Knitting Factory - Boise, Boise ($35 fcst $22⇈)",Plini,Plini - An Unnameable Desire North American Tour,Knitting Factory - Boise,Boise,ID,2026-10-31,False,56,8,35,34.92,34.92,22.455238546747154,-0.357,steep,284000.0
rZ7HnEZ1AfPb7N,"Plini — The Crocodile, Seattle ($40 fcst $27⇈)",Plini,Plini - An Unnameable Desire North American Tour w/ Night Verses & Portraits,The Crocodile,Seattle,WA,2026-11-04,False,56,8,35,39.92,39.92,27.455238546747154,-0.312,steep,284000.0
rZ7HnEZ1AKJ7o7,"Hammerfall — Dante's, Portland ($38 fcst $47⇈)",Hammerfall,HAMMERFALL with Evergrey & Elvenking,Dante's,Portland,OR,2026-10-06,False,56,10,33,37.57,37.57,47.358675158289834,0.261,steep,108000.0
rZ7HnEZ1AfPZvN,"The Tallest Man On Earth — Thalia Hall, Chicago ($53 fcst $39⇈)",The Tallest Man On Earth,The Tallest Man On Earth with Gwenifer Raymond,Thalia Hall,Chicago,IL,2026-10-29,False,56,8,35,52.98,52.98,38.65321559542619,-0.27,steep,59800.0
rZ7HnEZ1AfPeZN,"The Tallest Man On Earth — The Crocodile, Seattle ($55 fcst $18⇈)",The Tallest Man On Earth,"The Tallest Man On Earth, Andrea Von Kampen",The Crocodile,Seattle,WA,2026-11-05,False,56,8,35,55.3,55.300000000000004,17.55149464892284,-0.683,steep,59800.0
rZ7HnEZ1Af-PrK,"Failure — Music Box, San Diego ($44 fcst $68⇈)",Failure,Failure - The Rising Skyline Tour w/ Quannnic,Music Box,San Diego,CA,2026-10-29,False,56,8,35,44.3,44.3,68.01838860437216,0.535,steep,39000.0
rZ7HnEZ1Afk4vf,"Amble — Crescent Ballroom, Phoenix ($37 fcst $22⇈)",Amble,AMBLE,Crescent Ballroom,Phoenix,AZ,2026-10-22,False,52,8,35,37.33,37.33,22.42295829199928,-0.399,steep,32200.0
rZ7HnEZ1Af-ybd,"Wednesday 13 — Bourbon Theatre, Lincoln ($39 fcst $52⇈)",Wednesday 13,Wednesday 13 - Shocktober Blood Tour 2026,Bourbon Theatre,Lincoln,NE,2026-10-08,False,56,9,34,39.08,39.08,51.68736473771582,0.323,steep,31400.0
rZ7HnEZ1Af-gFK,"Wednesday 13 — The Song & Dance, Syracuse ($34 fcst $47⇈)",Wednesday 13,Wednesday 13,The Song & Dance,Syracuse,NY,2026-10-16,False,56,9,34,33.65,33.65,46.88507840040748,0.393,steep,31400.0
rZ7HnEZ1AfPMxd,"Chat Pile — Music Box, San Diego ($38 fcst $19⇈)",Chat Pile,Chat Pile - Who Loves The Sun Tour 2026 w/ Soul Glo & Virga,Music Box,San Diego,CA,2026-10-03,False,56,8,35,38.3,38.29999999999999,19.481984571590665,-0.491,steep,4970.0
rZ7HnEZ1AfPsZK,"Chat Pile — Mr Smalls Theatre, Millvale ($41 fcst $24⇈)",Chat Pile,Chat Pile - Who Loves The Sun Tour 2026 with Soul Glo and Shallowater,Mr Smalls Theatre,Millvale,PA,2026-11-06,False,56,8,35,41.16,41.16,23.790642949074993,-0.422,steep,4970.0
rZ7HnEZ1Afx_PK,"Post Sex Nachos — The Basement East, Nashville ($33 fcst $53⇈)",Post Sex Nachos,Post Sex Nachos w/ The Foxies and Fetch Tiger,The Basement East,Nashville,TN,2026-09-25,False,56,9,34,33.49,33.49,53.21844888287755,0.589,steep,3420.0
rZ7HnEZ1Af-pJd,"Post Sex Nachos — Sonia, Cambridge ($28 fcst $48⇈)",Post Sex Nachos,"Post Sex Nachos, Fetch Tiger",Sonia,Cambridge,MA,2026-10-02,False,56,9,34,27.79,27.79,47.51844888287755,0.71,steep,3420.0
rZ7HnEZ1Af0keK,"Post Sex Nachos — Rumba Cafe, Columbus ($20 fcst $40⇈)",Post Sex Nachos,Post Sex Nachos w/ Fetch Tiger,Rumba Cafe,Columbus,OH,2026-09-26,False,56,9,34,20.0,20.0,39.72844888287755,0.986,steep,3420.0
rZ7HnEZ1Af0AFN,"Post Sex Nachos — Bottom Lounge, Chicago ($26 fcst $0⇈)",Post Sex Nachos,"Post Sex Nachos, Scarlet Demore, Hana Eid",Bottom Lounge,Chicago,IL,2026-11-07,False,56,9,34,25.95,25.95,0.0,-1.0,steep,3420.0
rZ7HnEZ1Afjb0K,"Osees — Thalia Hall, Chicago ($42 fcst $58⇈)",Osees,Osees ft. Brigid Dawson with Traps PS,Thalia Hall,Chicago,IL,2026-10-15,False,56,9,34,42.04,42.04,57.795026413500395,0.375,steep,2840.0
rZ7HnEZ1AfF7q0,"INOHA — Music Box, San Diego ($32 fcst $23⇈)",INOHA,INOHA - This Might Be Useful Tour w/ Buddha Trixie & Flight By Nothing,Music Box,San Diego,CA,2026-11-01,False,44,7,35,31.55,31.550000000000004,22.812615388471443,-0.277,steep,81100.0
rZ7HnEZ1AfPUJd,"Hey, Nothing — Bottom Lounge, Chicago ($35 fcst $25⇈)","Hey, Nothing","HEY, NOTHING – THE HOUND TOUR",Bottom Lounge,Chicago,IL,2026-10-16,False,56,8,34,34.96,34.96,24.822526389315634,-0.29,steep,63500.0
rZ7HnEZ1Af0EfN,"Sweet Pill — The Pyramid Scheme, Grand Rapids ($28 fcst $21⇈)",Sweet Pill,Sweet Pill + Heart To Gold + Spaced,The Pyramid Scheme,Grand Rapids,MI,2026-10-12,False,56,8,34,28.3,28.299999999999997,20.911476775025918,-0.261,steep,8190.0
rZ7HnEZ1Af0a_K,"Squirrel Flower — Grog Shop, Cleveland Heights ($24 fcst $34⇈)",Squirrel Flower,"Squirrel Flower, youbet, Wish Queen",Grog Shop,Cleveland Heights,OH,2026-09-23,False,56,9,33,23.63,23.63,34.259629184485064,0.45,steep,3440.0
rZ7HnEZ1AfO3ZS,"DevilDriver — Bottom Lounge, Chicago ($45 fcst $63⇈)",DevilDriver,DEVILDRIVER – STRIKE AND KILL TOUR w/ Upon A Burning Body and Ov Sulfur,Bottom Lounge,Chicago,IL,2026-08-25,False,56,8,34,45.26,45.26,62.55773776233762,0.382,steep,1740.0
rZ7HnEZ1AfaZO0,"The Rasmus — Cargo Concert Hall, Reno ($38 fcst $24⇈)",The Rasmus,"The Rasmus, Saint Agnes, Death Valley Dreams",Cargo Concert Hall,Reno,NV,2026-10-07,False,32,9,32,38.43,38.43000000000001,23.912982234581253,-0.378,steep,755000.0
rZ7HnEZ1AfPzuS,"Stephen Day — Crescent Ballroom, Phoenix ($29 fcst $51⇈)",Stephen Day,STEPHEN DAY PRESENTS: THE SELF TITLED TOUR,Crescent Ballroom,Phoenix,AZ,2026-11-07,False,56,8,33,28.83,28.83,51.433448545539555,0.784,steep,71600.0
rZ7HnEZ1AfPSrd,"Stephen Day — Music Box, San Diego ($33 fcst $55⇈)",Stephen Day,Stephen Day - The Self Titled Tour,Music Box,San Diego,CA,2026-11-08,False,56,8,33,32.55,32.55,55.153448545539554,0.694,steep,71600.0
rZ7HnEZ1AfkKAV,"Ben Caplan — Mr Smalls Theatre, Millvale ($37 fcst $23⇈)",Ben Caplan,YAELOKRE with Special Guest Ben Caplan,Mr Smalls Theatre,Millvale,PA,2026-11-14,False,51,7,34,37.06,37.06,23.428712696666974,-0.368,steep,66000.0
rZ7HnEZ1AfPzxK,"We Are Scientists — Baba Yaga, Seattle ($32 fcst $56⇈)",We Are Scientists,We Are Scientists,Baba Yaga,Seattle,WA,2026-10-25,False,56,9,32,32.3,32.3,55.83322847208306,0.729,steep,26600.0
rZ7HnEZ1AfF7Z0,"The Jayhawks — Belly Up, Solana Beach ($50 fcst $35⇈)",The Jayhawks,The Jayhawks - Sanctuary Park Tour: Celebrating 40 Years of The Jayhawks,Belly Up,Solana Beach,CA,2026-12-11,False,43,7,34,49.8,49.79999999999999,34.86024051746808,-0.3,steep,12400.0
rZ7HnEZ1AfPzpK,"Hot Flash Heat Wave — Middle East - Upstairs, Cambridge ($27 fcst $16⇈)",Hot Flash Heat Wave,"Hot Flash Heat Wave, High, Pinklids",Middle East - Upstairs,Cambridge,MA,2026-09-29,False,56,9,32,27.27,27.27,15.56349231100253,-0.429,steep,11700.0
rZ7HnEZ1AfPUvS,"Hot Flash Heat Wave — Valley Bar, Phoenix ($29 fcst $18⇈)",Hot Flash Heat Wave,HOT FLASH HEAT WAVE,Valley Bar,Phoenix,AZ,2026-09-13,False,56,9,32,28.83,28.830000000000002,17.781278567006563,-0.383,steep,11700.0
rZ7HnEZ1AfPIaN,"Hot Flash Heat Wave — Nikki Lopez Philly, Philadelphia ($26 fcst $14⇈)",Hot Flash Heat Wave,"Hot Flash Heat Wave, High.",Nikki Lopez Philly,Philadelphia,PA,2026-09-26,False,56,9,32,26.15,26.150000000000002,14.443492311002526,-0.448,steep,11700.0
rZ7HnEZ1AfFfb0,"The Queers — The Winchester, Lakewood ($25 fcst $15⇈)",The Queers,The Queers,The Winchester,Lakewood,OH,2026-11-10,False,44,9,32,25.21,25.21,14.981732445600626,-0.406,steep,0.0
rZ7HnEZ1AfPVZK,"The Queers — The Token Lounge, Westland ($19 fcst $9⇈)",The Queers,The Queers,The Token Lounge,Westland,MI,2026-11-08,False,56,9,32,18.73,18.73,8.501732445600625,-0.546,steep,0.0
rZ7HnEZ1Afk93f,"Ravyn Lenae — Marathon Music Works, Nashville ($51 fcst $31⇈)",Ravyn Lenae,Ravyn Lenae Presents: Blue Island,Marathon Music Works,Nashville,TN,2026-10-10,False,45,6,34,50.51,50.510000000000005,30.60053266668436,-0.394,steep,289000.0
rZ7HnEZ1Afkb-0,"Ceremony — Churchill's Pub,  Miami ($30 fcst $19⇈)",Ceremony,Ceremony in Miami,Churchill's Pub, Miami,FL,2026-10-18,False,51,8,32,29.71,29.71,18.674688446308068,-0.371,steep,55100.0
rZ7HnEZ1Afk4fV,"Ceremony — The Abbey, Orlando ($30 fcst $19⇈)",Ceremony,Ceremony in Orlando,The Abbey,Orlando,FL,2026-10-17,False,51,8,32,29.71,29.71,18.674688446308068,-0.371,steep,55100.0
rZ7HnEZ1Af-o4d,"The Black Angels — Crescent Ballroom, Phoenix ($41 fcst $28⇈)",The Black Angels,THE BLACK ANGELS - PASSOVER 2026 TOUR,Crescent Ballroom,Phoenix,AZ,2026-10-29,False,56,7,32,41.19,41.19,27.932463013445744,-0.322,steep,52000.0
rZ7HnEZ1AfFU77,"Guardin — Market Hotel , Brooklyn ($23 fcst $32⇈)",Guardin,"guardin w/ kennedyxoxo, Fijimar",Market Hotel ,Brooklyn,NY,2026-10-18,False,35,7,31,22.64,22.64,31.750818410090456,0.402,steep,138000.0
rZ7HnEZ1AfFUZ0,"Guardin — The Funhouse, Seattle ($29 fcst $49⇈)",Guardin,"guardin w/ kennedyxoxo, Fijimar",The Funhouse,Seattle,WA,2026-09-30,False,35,7,31,28.8,28.8,48.73634408510582,0.692,steep,138000.0
rZ7HnEZ1AfFUv0,"Guardin — Lucky Strike Hollywood, Hollywood ($23 fcst $31⇈)",Guardin,"guardin w/ kennedyxoxo, Fijimar",Lucky Strike Hollywood,Hollywood,CA,2026-10-03,False,35,7,31,22.64,22.64,31.350874694107976,0.385,steep,138000.0
rZ7HnEZ1AfrKPK,"Ax and the Hatchetmen — Music Box, San Diego ($34 fcst $51⇈)",Ax and the Hatchetmen,Ax and the Hatchetmen: The Late Checkout Tour 2026,Music Box,San Diego,CA,2026-10-25,False,45,4,33,34.03,34.03,50.54891513667259,0.485,steep,24500.0
rZ7HnEZ1Af00kK,"Grace Enger — Exit/In, Nashville ($33 fcst $59⇈)",Grace Enger,*CANCELLED* Grace Enger – The Satisfied Girl Tour,Exit/In,Nashville,TN,2026-10-02,False,56,2,32,33.34,33.34,59.048819777626136,0.771,steep,3170.0
rZ7HnEZ1AfFwjV,"Tauren Wells — Rolling Hills Community Church, Tualatin ($34 fcst $23⇈)",Tauren Wells,"Tauren Wells: Air1 Worship Now Tour - Tualatin, OR",Rolling Hills Community Church,Tualatin,OR,2026-11-06,False,27,5,26,33.6,33.599999999999994,22.54068442104418,-0.329,steep,1110000.0
rZ7HnEZ1AfFS8V,"Tauren Wells — Pursuit Kirkland, Kirkland ($34 fcst $25⇈)",Tauren Wells,"Tauren Wells: Air1 Worship Now Tour - Kirkland, WA",Pursuit Kirkland,Kirkland,WA,2026-11-05,False,27,5,26,33.6,33.6,25.123428870217026,-0.252,steep,1110000.0
rZ7HnEZ1AfFw-0,"Tauren Wells — Peoples Church, Fresno ($34 fcst $18⇈)",Tauren Wells,"Tauren Wells: Air1 Worship Now Tour - Fresno, CA",Peoples Church,Fresno,CA,2026-11-11,False,27,5,26,33.6,33.6,18.452971356033316,-0.451,steep,1110000.0
rZ7HnEZ1AfFSCf,"Tauren Wells —  Crossroads Christian Church, Corona ($34 fcst $15⇈)",Tauren Wells,"Tauren Wells: Air1 Worship Now Tour - Corona, CA", Crossroads Christian Church,Corona,CA,2026-11-13,False,27,5,26,33.6,33.60000000000001,14.633382539520692,-0.564,steep,1110000.0
rZ7HnEZ1Afa9ff,"Fortunate Youth — Mr Smalls Theatre, Millvale ($41 fcst $26⇈)",Fortunate Youth,Fortunate Youth with Special Guest Kash'd Out,Mr Smalls Theatre,Millvale,PA,2026-11-05,False,26,5,26,41.16,41.16,26.035226074509477,-0.367,steep,108000.0
rZ7HnEZ1Afaapf,"Thundercat — Marathon Music Works, Nashville ($200 fcst $38⇈)",Thundercat,Thundercat: Distracted AF Tour,Marathon Music Works,Nashville,TN,2026-10-31,False,26,5,25,199.99,199.99,37.53095094778391,-0.812,steep,376000.0
rZ7HnEZ1Afk307,"Buzzcocks — Daryl's House, Pawling ($50 fcst $63⇈)",Buzzcocks,Buzzcocks - Celebrating 50 Years of Buzzcocks,Daryl's House,Pawling,NY,2026-09-24,False,44,6,24,50.32,50.32,63.36714358611529,0.259,steep,25500.0
rZ7HnEZ1AfF6-V,"Shawn James — Crescent Ballroom, Phoenix ($35 fcst $49⇈)",Shawn James,SHAWN JAMES “FLEW TOO CLOSE TO THE SUN TOUR”,Crescent Ballroom,Phoenix,AZ,2026-09-24,False,45,5,25,34.75,34.75,48.959888706800506,0.409,steep,21900.0
rZ7HnEZ1AfFd-V,"Shawn James — Exit/In, Nashville ($39 fcst $57⇈)",Shawn James,"Shawn James ""FLEW TOO CLOSE TO THE SUN TOUR""",Exit/In,Nashville,TN,2026-10-20,False,45,5,25,39.26,39.26,57.480766618461644,0.464,steep,21900.0
rZ7HnEZ1AfFkuV,"Shawn James — Bottom Lounge, Chicago ($32 fcst $63⇈)",Shawn James,Shawn James – Flew Too Close To The Sun Tour,Bottom Lounge,Chicago,IL,2026-10-24,False,45,5,25,32.39,32.39,62.90008183575564,0.942,steep,21900.0
rZ7HnEZ1AfPK7S,"Shawn James — Belly Up, Solana Beach ($33 fcst $42⇈)",Shawn James,Shawn James - Flew Too Close To The Sun Tour,Belly Up,Solana Beach,CA,2026-09-22,False,45,5,25,32.55,32.55,41.752064476053484,0.283,steep,21900.0
rZ7HnEZ1Afa91f,"Improvement Movement — WOW Hall, Eugene ($26 fcst $48⇈)",Improvement Movement,Improvement Movement,WOW Hall,Eugene,OR,2026-11-06,False,26,5,25,25.88,25.88,48.378970699880554,0.869,steep,3530.0
rZ7HnEZ1Afapj7,"The Residents — Belly Up, Solana Beach ($44 fcst $33⇈)",The Residents,The Residents - Eskimo Live,Belly Up,Solana Beach,CA,2026-12-01,False,25,5,24,44.3,44.3,32.96129128370961,-0.256,steep,18400.0
rZ7HnEZ1AfFUff,"vaultboy — Valley Bar, Phoenix ($24 fcst $48⇈)",vaultboy,vaultboy - ARE YOU EVER COMING BACK? TOUR,Valley Bar,Phoenix,AZ,2026-09-27,False,32,5,23,23.81,23.81,47.95431635519614,1.014,steep,447000.0
rZ7HnEZ1Afa4rf,"vaultboy — Three Links Deep Ellum, Dallas ($29 fcst $53⇈)",vaultboy,ARE YOU EVER COMING BACK? TOUR,Three Links Deep Ellum,Dallas,TX,2026-09-29,False,26,5,23,28.61,28.61,52.75431635519614,0.844,steep,447000.0
rZ7HnEZ1AfPP7K,"Mountain Grass Unit — Tractor, Seattle ($25 fcst $15⇈)",Mountain Grass Unit,Mountain Grass Unit - Appalachian Smoke Tour,Tractor,Seattle,WA,2026-10-02,False,52,4,23,25.08,25.079999999999995,15.315273025144936,-0.389,steep,5550.0
rZ7HnEZ1AfefAV,"Mountain Grass Unit — Tipitina's, New Orleans ($28 fcst $21⇈)",Mountain Grass Unit,Mountain Grass Unit,Tipitina's,New Orleans,LA,2026-09-10,False,52,4,23,27.98,27.979999999999997,20.847828980513434,-0.255,steep,5550.0
rZ7HnEZ1AfFo_f,"gavn! — Star Theater, Portland ($27 fcst $18⇈)",gavn!,GAVN! THE SALVATION TOUR,Star Theater,Portland,OR,2026-10-21,False,45,4,22,27.27,27.270000000000003,17.87729885119385,-0.344,steep,45700.0
rZ7HnEZ1AfFaF0,"gavn! — Rumba Cafe, Columbus ($28 fcst $17⇈)",gavn!,GAVN!,Rumba Cafe,Columbus,OH,2026-11-01,False,45,4,22,28.0,28.0,16.686468234311953,-0.404,steep,45700.0
rZ7HnEZ1Afa0P7,"Twin Temple — Ventura Theater, Ventura ($42 fcst $31⇈)",Twin Temple,"Twin Temple, Frankie and the Witch Fingers",Ventura Theater,Ventura,CA,2026-09-24,False,19,6,18,41.62,41.61999999999999,30.56826443210935,-0.266,steep,51700.0
rZ7HnEZ1AfPpbN,"CAIN — Centennial Chapel Olivet Nazarene University, Bourbonnais ($20 fcst $14⇈)",CAIN,"CAIN Live and In Worship Tour with special guest Kristian Stanfill - Bourbonnais, IL",Centennial Chapel Olivet Nazarene University,Bourbonnais,IL,2026-10-08,False,56,2,13,20.0,20.0,14.377434739428445,-0.281,steep,273000.0
rZ7HnEZ1AfaE87,"Dogstar — Ventura Theater, Ventura ($423 fcst $256⇈)",Dogstar,Dogstar,Ventura Theater,Ventura,CA,2026-09-25,False,13,2,12,423.23,423.2300000000001,256.05047728653614,-0.395,steep,169000.0
rZ7HnEZ1Afa_PV,"DOMi + JD Beck — House of Blues Cleveland, Cleveland ($36 fcst $24⇈)",DOMi + JD Beck,DOMi & JD BECK,House of Blues Cleveland,Cleveland,OH,2026-09-28,False,2,2,1,36.25,36.25,23.733174177677405,-0.345,steep,222000.0
rZ7HnEZ1AfJ7fS,"Pouya — FIVE, Jacksonville ($0 fcst $0?)",Pouya,Pouya - The Forever Glades Tour,FIVE,Jacksonville,FL,2026-12-09,False,54,10,51,0.0,0.0,0.0,,n/a,210000.0
rZ7HnEZ1AfPMPN,"Pouya — The Signal - Concert Hall, Chattanooga ($0 fcst $0?)",Pouya,Pouya - The Forever Glades Tour,The Signal - Concert Hall,Chattanooga,TN,2026-12-08,False,55,10,51,0.0,0.0,0.0,,n/a,210000.0
rZ7HnEZ1AfJZ3K,"Eslabon Armado — SOMA - Mainstage, San Diego ($0 fcst $7?)",Eslabon Armado,Eslabon Armado – Amor Nocturno,SOMA - Mainstage,San Diego,CA,2026-12-05,False,56,10,50,0.0,0.0,7.011430833609934,,n/a,2880000.0
rZ7HnEZ1Afqy4K,"Leonid & Friends — Blue Note Hawaii, Honolulu ($0 fcst $3?)",Leonid & Friends,Leonid & Friends,Blue Note Hawaii,Honolulu,HI,2026-11-27,False,56,9,51,0.0,0.0,3.4785306031673535,,n/a,649000.0
rZ7HnEZ1Af0I0d,"LUCKI — SOMA - Mainstage, San Diego ($0 fcst $2?)",LUCKI,LUCKI,SOMA - Mainstage,San Diego,CA,2026-09-22,False,56,11,47,0.0,0.0,2.453147387203679,,n/a,608000.0
rZ7HnEZ1AfkooV,"GWAR — Chelsea’s Live, Baton Rouge ($0 fcst $0?)",GWAR,GWAR with Brat,Chelsea’s Live,Baton Rouge,LA,2026-09-23,False,51,8,49,0.0,0.0,0.0,,n/a,97600.0
rZ7HnEZ1AfkKkf,"MICO — Fete Music Hall, Providence ($0 fcst $0?)",MICO,MICO,Fete Music Hall,Providence,RI,2026-11-03,False,52,10,45,0.0,0.0,0.0,,n/a,178000.0
rZ7HnEZ1AfOdvN,"Fruit Bats — The Basement East, Nashville ($0 fcst $0?)",Fruit Bats,Fruit Bats,The Basement East,Nashville,TN,2026-11-18,False,56,10,44,0.0,0.0,0.0,,n/a,9340.0
rZ7HnEZ1Af004d,"Ax and the Hatchetmen — Crescent Ballroom, Phoenix ($0 fcst $0?)",Ax and the Hatchetmen,AX AND THE HATCHETMEN : THE LATE CHECKOUT TOUR 2026,Crescent Ballroom,Phoenix,AZ,2026-10-24,False,56,9,44,0.0,0.0,0.0,,n/a,25500.0
rZ7HnEZ1AfJFrd,"Hazlett — Howard Theatre, Washington ($0 fcst $0?)",Hazlett,Hazlett,Howard Theatre,Washington,DC,2026-09-27,False,52,9,43,0.0,0.0,0.0,,n/a,53600.0
rZ7HnEZ1Af0IbN,"feeble little horse — The Pyramid Scheme, Grand Rapids ($0 fcst $0?)",feeble little horse,feeble little horse: bitknot tour + Snuggle,The Pyramid Scheme,Grand Rapids,MI,2026-10-08,False,56,6,45,0.0,0.0,0.0,,n/a,6640.0
rZ7HnEZ1Afapq0,"DOMi + JD Beck — Howard Theatre, Washington ($0 fcst $0?)",DOMi + JD Beck,DOMi & JD BECK - WHO ASKED? Tour,Howard Theatre,Washington,DC,2026-09-22,False,25,25,24,0.0,0.0,0.0,,n/a,236000.0
rZ7HnEZ1Afa3Q7,"Magic Sword — Moe's Alley, Santa Cruz ($0 fcst $0?)",Magic Sword,(((folkYEAH!))) Presents - Magic Sword w/ Skylimit,Moe's Alley,Santa Cruz,CA,2026-09-13,False,26,24,25,0.0,0.0,0.2884999138486455,,n/a,71700.0
rZ7HnEZ1AfaoaV,"Magic Sword — Strummer's, Fresno ($0 fcst $0?)",Magic Sword,"Magic Sword, Skylimit",Strummer's,Fresno,CA,2026-09-17,False,26,22,25,0.0,0.0,0.2884999138486455,,n/a,71700.0
rZ7HnEZ1Afk3u0,"The War and Treaty — Thalia Hall, Chicago ($0 fcst $0?)",The War and Treaty,The War And Treaty,Thalia Hall,Chicago,IL,2026-11-09,False,45,10,37,0.0,0.0,0.0,,n/a,50200.0
rZ7HnEZ1AfFoA0,"The War and Treaty — Barnato, Omaha ($0 fcst $0?)",The War and Treaty,THE WAR AND TREATY,Barnato,Omaha,NE,2026-11-07,False,45,10,37,0.0,0.0,0.0,,n/a,50200.0
rZ7HnEZ1Af-NZd,"Bayonne — The Loving Touch, Ferndale ($0 fcst $0?)",Bayonne,Kickstand Productions Presents Bayonne - The 'Filters' Tour,The Loving Touch,Ferndale,MI,2026-10-03,False,56,10,36,0.0,0.0,0.0,,n/a,12400.0
rZ7HnEZ1Af0kbN,"This Is Lorelei — Valley Bar, Phoenix ($0 fcst $0?)",This Is Lorelei,THIS IS LORELEI,Valley Bar,Phoenix,AZ,2026-10-13,False,56,11,35,0.0,0.0,0.023481813116690786,,n/a,2340.0
rZ7HnEZ1Af-svd,"This Is Lorelei — Thalia Hall, Chicago ($0 fcst $1?)",This Is Lorelei,*SOLD OUT* This Is Lorelei with @,Thalia Hall,Chicago,IL,2026-10-27,False,56,11,35,0.0,0.0,0.6529813367217919,,n/a,2340.0
rZ7HnEZ1AfANuf,"gnash — Blind Pig, Ann Arbor ($0 fcst $1?)",gnash,gnash  ,Blind Pig,Ann Arbor,MI,2026-10-03,False,56,9,35,0.0,0.0,0.6978785212397964,,n/a,2210000.0
rZ7HnEZ1AfAyG7,"gnash — Bourbon Theatre, Lincoln ($0 fcst $3?)",gnash,gnash,Bourbon Theatre,Lincoln,NE,2026-10-07,False,56,9,35,0.0,0.0,2.658250714990251,,n/a,2210000.0
rZ7HnEZ1AfAxO0,"gnash — Shank Hall, Milwaukee ($0 fcst $2?)",gnash,Gnash,Shank Hall,Milwaukee,WI,2026-10-04,False,56,9,35,0.0,0.0,1.7044309497564414,,n/a,2210000.0
rZ7HnEZ1AfxpOK,"Carbon Leaf — Tractor, Seattle ($0 fcst $12?)",Carbon Leaf,An Evening with Carbon Leaf,Tractor,Seattle,WA,2026-10-03,False,56,10,34,0.0,0.0,12.34673834732688,,n/a,11000.0
rZ7HnEZ1AfFdx7,"Phillip Phillips — Thalia Hall, Chicago ($0 fcst $0?)",Phillip Phillips,Phillip Phillips - Let’s Go Far Tour with Katie Lynne Sharbaugh,Thalia Hall,Chicago,IL,2026-10-28,False,44,8,35,0.0,0.0,0.0,,n/a,770000.0
rZ7HnEZ1Af-8-S,"Matthew West — Eagle Christian Church, Eagle ($0 fcst $1?)",Matthew West,"SOLD OUT! Matthew West: Jesus Is King Tour - Eagle (Boise), ID",Eagle Christian Church,Eagle,ID,2026-09-20,False,56,8,35,0.0,0.0,0.8887367479294582,,n/a,694000.0
rZ7HnEZ1AfP_pd,"Lauren Sanderson — Blind Pig, Ann Arbor ($0 fcst $0?)",Lauren Sanderson,Lauren Sanderson,Blind Pig,Ann Arbor,MI,2026-10-21,False,56,9,34,0.0,0.0,0.0,,n/a,174000.0
rZ7HnEZ1Af-Pad,"Failure — The Pyramid Scheme, Grand Rapids ($0 fcst $24?)",Failure,SOLD OUT - Failure: Rising Skyline 2026 + Quannnic,The Pyramid Scheme,Grand Rapids,MI,2026-10-18,False,56,8,35,0.0,0.0,24.184200106202443,,n/a,39000.0
rZ7HnEZ1Af-EjK,"Failure — Crescent Ballroom, Phoenix ($0 fcst $24?)",Failure,FAILURE,Crescent Ballroom,Phoenix,AZ,2026-10-28,False,56,8,35,0.0,0.0,23.718388604372162,,n/a,39000.0
rZ7HnEZ1Afkoa0,"Built To Spill — Mulcahy's, Wantagh ($0 fcst $0?)",Built To Spill,Built to Spill,Mulcahy's,Wantagh,NY,2026-11-06,False,51,8,35,0.0,0.0,0.0,,n/a,29700.0
rZ7HnEZ1AfONuK,"Friko — Off Broadway, Saint Louis ($0 fcst $0?)",Friko,Friko - Something Worth Waiting For: The Tour,Off Broadway,Saint Louis,MO,2026-09-08,False,56,9,34,0.0,0.0,0.0,,n/a,5600.0
rZ7HnEZ1AfP8PK,"Ethan Regan — Blind Pig, Ann Arbor ($0 fcst $6?)",Ethan Regan,"Ethan Regan, Lily Kershaw",Blind Pig,Ann Arbor,MI,2026-11-12,False,56,9,34,0.0,0.0,6.3233514445323955,,n/a,5410.0
rZ7HnEZ1AfPpaK,"Ethan Regan — Thalia Hall, Chicago ($0 fcst $4?)",Ethan Regan,Ethan Regan - Young Regan Tour with Lily Kershaw,Thalia Hall,Chicago,IL,2026-11-13,False,56,9,34,0.0,0.0,3.979554694991274,,n/a,5410.0
rZ7HnEZ1AfjbPd,"Osees — Thalia Hall, Chicago ($0 fcst $16?)",Osees,*SOLD OUT* Osees ft. Brigid Dawson with Traps PS,Thalia Hall,Chicago,IL,2026-10-16,False,56,9,34,0.0,0.0,15.755026413500396,,n/a,2840.0
rZ7HnEZ1AfP9rK,"Mari Froes — Thalia Hall, Chicago ($0 fcst $1?)",Mari Froes,Mari Froes,Thalia Hall,Chicago,IL,2026-09-27,False,56,9,33,0.0,0.0,1.0501658067547435,,n/a,1020000.0
rZ7HnEZ1AfPg_K,"Boy Harsher — Howard Theatre, Washington ($0 fcst $0?)",Boy Harsher,Boy Harsher,Howard Theatre,Washington,DC,2026-10-30,False,56,8,34,0.0,0.0,0.0,,n/a,171000.0
rZ7HnEZ1AfPgjd,"Chxrry — Sonia, Cambridge ($0 fcst $0?)",Chxrry,Chxrry,Sonia,Cambridge,MA,2026-09-18,False,56,10,32,0.0,0.0,0.0,,n/a,78700.0
rZ7HnEZ1Afjzod,"Haute & Freddy — The Magic Bag, Ferndale ($0 fcst $2?)",Haute & Freddy,Kickstand Productions Presents: Haute & Freddy's Big Disgrace Tour,The Magic Bag,Ferndale,MI,2026-09-30,False,56,8,34,0.0,0.0,1.883269217257629,,n/a,62100.0
rZ7HnEZ1AfZIkf,"Aldous Harding — Thalia Hall, Chicago ($0 fcst $1?)",Aldous Harding,*SOLD OUT* ALDOUS HARDING with Sam Burton,Thalia Hall,Chicago,IL,2026-09-18,False,56,9,33,0.0,0.0,1.1311762929627083,,n/a,38100.0
rZ7HnEZ1AfxAjN,"All Shall Perish — The Banyan Live, West Palm Beach ($0 fcst $1?)",All Shall Perish,All Shall Perish - The Price Of Existence: 20 Year Anniversary,The Banyan Live,West Palm Beach,FL,2026-09-25,False,56,9,33,0.0,0.0,1.1372433368470036,,n/a,29700.0
rZ7HnEZ1Af0-Cd,"King Buffalo — Thalia Hall, Chicago ($0 fcst $0?)",King Buffalo,King Buffalo,Thalia Hall,Chicago,IL,2026-12-04,False,56,8,34,0.0,0.0,0.0,,n/a,27200.0
rZ7HnEZ1Af0beK,"Revocation — Exit/In, Nashville ($0 fcst $0?)",Revocation,REVOCATION: 20 Years of Torment,Exit/In,Nashville,TN,2026-10-06,False,56,9,33,0.0,0.0,0.0,,n/a,22500.0
rZ7HnEZ1AfJFoS,"Katie Pruitt — The District, Spokane ($0 fcst $0?)",Katie Pruitt,Katie Pruitt -  Fools for the Fleeting Tour,The District,Spokane,WA,2026-11-01,False,52,9,33,0.0,0.0,0.0,,n/a,18800.0
rZ7HnEZ1AfJFpK,"Katie Pruitt — 9th St. Parallel at Knitting Factory, Boise ($0 fcst $0?)",Katie Pruitt,Katie Pruitt -  Fools for the Fleeting Tour,9th St. Parallel at Knitting Factory,Boise,ID,2026-11-04,False,52,9,33,0.0,0.0,0.0,,n/a,18800.0
rZ7HnEZ1AfJFoK,"Katie Pruitt — The Basement East, Nashville ($0 fcst $0?)",Katie Pruitt,Katie Pruitt -  Fools for the Fleeting Tour,The Basement East,Nashville,TN,2026-12-02,False,52,9,33,0.0,0.0,0.0,,n/a,18800.0
rZ7HnEZ1AfP9pK,"Margaret Glaspy — Tractor, Seattle ($0 fcst $1?)",Margaret Glaspy,Margaret Glaspy: The I Am Both Tour,Tractor,Seattle,WA,2026-11-12,False,56,9,33,0.0,0.0,1.0908634953003227,,n/a,14400.0
rZ7HnEZ1AfPOAN,"Militarie Gun — Grog Shop, Cleveland Heights ($0 fcst $0?)",Militarie Gun,"Militarie Gun, Softcult, Shady Nasty, Dazy",Grog Shop,Cleveland Heights,OH,2026-09-29,False,56,8,34,0.0,0.0,0.0,,n/a,10200.0
rZ7HnEZ1AfPS-S,"Militarie Gun — Chelsea’s Live, Baton Rouge ($0 fcst $0?)",Militarie Gun,"Militarie Gun with special guests Softcult, Shady Nasty & Dazy",Chelsea’s Live,Baton Rouge,LA,2026-09-10,False,56,8,34,0.0,0.0,0.0,,n/a,10200.0
rZ7HnEZ1AfPMvK,"Militarie Gun — The Loving Touch, Ferndale ($0 fcst $0?)",Militarie Gun,Militarie Gun - 20 Songs for 20 Dollars,The Loving Touch,Ferndale,MI,2026-09-30,False,56,8,34,0.0,0.0,0.0,,n/a,10200.0
rZ7HnEZ1AfP-PN,"Militarie Gun — Conduit, Winter Park ($0 fcst $0?)",Militarie Gun,"Militarie Gun ""20 Songs for 20 Dollars"" in Orlando",Conduit,Winter Park,FL,2026-09-14,False,56,8,34,0.0,0.0,0.0,,n/a,10200.0
rZ7HnEZ1AfPPGK,"Militarie Gun — Churchill's Pub,  Miami ($0 fcst $0?)",Militarie Gun,"Militarie Gun ""20 Songs for 20 Dollars"" Tour in Miami",Churchill's Pub, Miami,FL,2026-09-13,False,56,8,34,0.0,0.0,0.0,,n/a,10200.0
rZ7HnEZ1AfPS7d,"Militarie Gun — Strummer's, Fresno ($0 fcst $0?)",Militarie Gun,"MILITARIE GUN 20 Songs for 20 Dollars plus special guests Softcult, Shady Nasty, Dazy",Strummer's,Fresno,CA,2026-10-14,False,56,8,34,0.0,0.0,0.0,,n/a,10200.0
rZ7HnEZ1AfkAaV,"Soda Blonde — Club Cafe, Pittsburgh ($0 fcst $0?)",Soda Blonde,Soda Blonde,Club Cafe,Pittsburgh,PA,2026-09-18,False,56,9,33,0.0,0.0,0.0,,n/a,4520.0
rZ7HnEZ1AfAg0V,"Soda Blonde — Valley Bar, Phoenix ($0 fcst $0?)",Soda Blonde,SODA BLONDE,Valley Bar,Phoenix,AZ,2026-10-04,False,56,9,33,0.0,0.0,0.0,,n/a,4520.0
rZ7HnEZ1Af07Fd,"Squirrel Flower — Tractor, Seattle ($0 fcst $14?)",Squirrel Flower,Squirrel Flower w/ Sour Widows,Tractor,Seattle,WA,2026-11-07,False,56,9,33,0.0,0.0,13.884353327795418,,n/a,3440.0
rZ7HnEZ1Af0obS,"Squirrel Flower — Thalia Hall, Chicago ($0 fcst $14?)",Squirrel Flower,Squirrel Flower with Sour Widows,Thalia Hall,Chicago,IL,2026-11-20,False,56,9,33,0.0,0.0,13.86340172957376,,n/a,3440.0
rZ7HnEZ1Af0a_S,"Squirrel Flower — Valley Bar, Phoenix ($0 fcst $0?)",Squirrel Flower,SQUIRREL FLOWER,Valley Bar,Phoenix,AZ,2026-11-01,False,56,9,33,0.0,0.0,0.0,,n/a,3440.0
rZ7HnEZ1AfOS_S,"The Rasmus — Bottom Lounge, Chicago ($0 fcst $0?)",The Rasmus,"The Rasmus, Saint Agnes, Death Valley Dreams",Bottom Lounge,Chicago,IL,2026-09-06,False,32,9,32,0.0,0.0,0.3256385219750837,,n/a,755000.0
rZ7HnEZ1AfqfPN,"Arlo Parks — Thalia Hall, Chicago ($0 fcst $0?)",Arlo Parks,ARLO PARKS - DESIRE TOUR,Thalia Hall,Chicago,IL,2026-09-29,False,56,7,34,0.0,0.0,0.0,,n/a,108000.0
rZ7HnEZ1AfFZvf,"Ben Caplan — Crescent Ballroom, Phoenix ($0 fcst $0?)",Ben Caplan,YAELOKRE,Crescent Ballroom,Phoenix,AZ,2026-12-16,False,47,7,34,0.0,0.0,0.0,,n/a,66000.0
rZ7HnEZ1Afk947,"Ben Caplan — The District, Spokane ($0 fcst $0?)",Ben Caplan,"Yaelokre, Ben Caplan",The District,Spokane,WA,2026-12-06,False,51,7,34,0.0,0.0,0.0,,n/a,66000.0
rZ7HnEZ1Afk_Jf,"Ben Caplan — Exit/In, Nashville ($0 fcst $0?)",Ben Caplan,*SOLD OUT* YAELOKRE,Exit/In,Nashville,TN,2026-11-12,False,51,7,34,0.0,0.0,0.0,,n/a,66000.0
rZ7HnEZ1Afk94f,"Ben Caplan — Howard Theatre, Washington ($0 fcst $0?)",Ben Caplan,Yaelokre,Howard Theatre,Washington,DC,2026-11-18,False,51,7,34,0.0,0.0,0.0,,n/a,66000.0
rZ7HnEZ1AfF3O7,"Lauren Watkins — Exit/In, Nashville ($0 fcst $0?)",Lauren Watkins,Lauren Watkins - If I'm Being Honest Tour,Exit/In,Nashville,TN,2026-10-08,False,44,8,33,0.0,0.0,0.0,,n/a,14500.0
rZ7HnEZ1AfxFJK,"Slayyyter — SOMA - Mainstage, San Diego ($0 fcst $1?)",Slayyyter,Slayyyter - WOR$T GIRL IN THE WORLD TOUR,SOMA - Mainstage,San Diego,CA,2026-09-12,False,56,5,35,0.0,0.0,1.248216821539212,,n/a,236000.0
rZ7HnEZ1Afrv_K,"Slayyyter — The Basement East, Nashville ($0 fcst $5?)",Slayyyter,MOVED TO BROOKLYN BOWL! Slayyyter - WOR$T GIRL IN THE WORLD TOUR w/ Pearly Drops,The Basement East,Nashville,TN,2026-09-22,False,56,5,35,0.0,0.0,4.555084477046604,,n/a,236000.0
rZ7HnEZ1Af0_fK,"Nonpoint — The Winchester, Lakewood ($0 fcst $0?)",Nonpoint,NONPOINT - The Even More.. Outta Control Tour,The Winchester,Lakewood,OH,2026-08-02,False,50,7,33,0.0,0.0,0.0,,n/a,131000.0
rZ7HnEZ1AfPNfK,"paris jackson — Night Club 101, New York ($0 fcst $0?)",paris jackson,Paris Jackson,Night Club 101,New York,NY,2026-09-25,False,56,8,31,0.0,0.0,0.0,,n/a,233000.0
rZ7HnEZ1AfakJf,"Magic Sword — The District, Spokane ($0 fcst $0?)",Magic Sword,"Magic Sword, Skylimit",The District,Spokane,WA,2026-09-08,False,26,14,25,0.0,0.0,0.36867918353766616,,n/a,71700.0
rZ7HnEZ1AfPEjS,"Jalen Ngonda — Thalia Hall, Chicago ($0 fcst $0?)",Jalen Ngonda,Jalen Ngonda: Doctrine of Love Tour with Brooke Combe,Thalia Hall,Chicago,IL,2026-11-10,False,56,7,32,0.0,0.0,0.0,,n/a,35600.0
rZ7HnEZ1AfxFxK,"Momma — SOMA - Sidestage, San Diego ($0 fcst $0?)",Momma,Momma,SOMA - Sidestage,San Diego,CA,2026-08-13,False,56,5,34,0.0,0.0,0.35746162196599784,,n/a,19200.0
rZ7HnEZ1Afxb-S,"Son Volt — SPACE, Evanston ($0 fcst $0?)",Son Volt,SOLD OUT - Son Volt,SPACE,Evanston,IL,2026-09-24,False,56,6,32,0.0,0.0,0.0,,n/a,7200.0
rZ7HnEZ1Afxb-d,"Son Volt — SPACE, Evanston ($0 fcst $0?)",Son Volt,Son Volt,SPACE,Evanston,IL,2026-09-23,False,56,6,32,0.0,0.0,0.0,,n/a,7200.0
rZ7HnEZ1Afq7jd,"Greg Mendez — Valley Bar, Phoenix ($0 fcst $0?)",Greg Mendez,GREG MENDEZ,Valley Bar,Phoenix,AZ,2026-08-08,False,56,6,32,0.0,0.0,0.0,,n/a,1190.0
rZ7HnEZ1Afq68N,"Greg Mendez — Off Broadway, Saint Louis ($0 fcst $0?)",Greg Mendez,Greg Mendez,Off Broadway,Saint Louis,MO,2026-08-23,False,56,6,32,0.0,0.0,0.0,,n/a,1190.0
rZ7HnEZ1AfFbq7,"Homeshake — Crescent Ballroom, Phoenix ($0 fcst $0?)",Homeshake,JOSH CONWAY - THE PLUM TOUR,Crescent Ballroom,Phoenix,AZ,2026-10-08,False,36,5,32,0.0,0.0,0.0,,n/a,35700.0
rZ7HnEZ1AfF67V,"Bowling for Soup — The Signal - Concert Hall, Chattanooga ($0 fcst $0?)",Bowling for Soup,Bowling for Soup,The Signal - Concert Hall,Chattanooga,TN,2026-11-10,False,44,3,31,0.0,0.0,0.0,,n/a,322000.0
rZ7HnEZ1Af0IAd,"Grace Enger — Crescent Ballroom, Phoenix ($0 fcst $0?)",Grace Enger,STELLA LEFTY: LEFTY LIVE,Crescent Ballroom,Phoenix,AZ,2026-11-03,False,56,2,32,0.0,0.0,0.0,,n/a,3170.0
rZ7HnEZ1Afk9rf,"Great Lake Swimmers — SPACE, Evanston ($0 fcst $0?)",Great Lake Swimmers,Great Lake Swimmers,SPACE,Evanston,IL,2026-11-11,False,50,2,31,0.0,0.0,0.0,,n/a,10300.0
rZ7HnEZ1AfFw40,"Tauren Wells — International Community Church, Frederick ($0 fcst $0?)",Tauren Wells,"Tauren Wells: Air1 Worship Now Tour - Frederick, MD",International Community Church,Frederick,MD,2026-10-10,False,27,5,26,0.0,0.0,0.0,,n/a,1110000.0
rZ7HnEZ1AfFwp7,"Tauren Wells — Christian Life Center, Dayton ($0 fcst $0?)",Tauren Wells,"Tauren Wells: Air1 Worship Now Tour - Dayton, OH",Christian Life Center,Dayton,OH,2026-10-22,False,27,5,26,0.0,0.0,0.0,,n/a,1110000.0
rZ7HnEZ1AfFwj0,"Tauren Wells — Calvary Chapel Tri-Cities, Kennewick ($0 fcst $0?)",Tauren Wells,"Tauren Wells: Air1 Worship Now Tour - Kennewick, WA",Calvary Chapel Tri-Cities,Kennewick,WA,2026-11-03,False,27,5,26,0.0,0.0,0.0,,n/a,1110000.0
rZ7HnEZ1AfFwO7,"Tauren Wells — Bayside Church Granite Bay, Roseville ($0 fcst $0?)",Tauren Wells,"Tauren Wells: Air1 Worship Now Tour - Roseville, CA",Bayside Church Granite Bay,Roseville,CA,2026-11-10,False,27,5,26,0.0,0.0,0.0,,n/a,1110000.0
rZ7HnEZ1AfFwbf,"Tauren Wells — Sheffield Family Life Center, Kansas City  ($0 fcst $0?)",Tauren Wells,"Tauren Wells: Air1 Worship Now Tour - Kansas City, MO",Sheffield Family Life Center,Kansas City ,MO,2026-10-30,False,27,5,26,0.0,0.0,0.0,,n/a,1110000.0
rZ7HnEZ1AfxK-N,"Underoath — Chelsea’s Live, Baton Rouge ($0 fcst $0?)",Underoath,UNDEROATH: THE VAN TOUR TO VANS WARPED TOUR,Chelsea’s Live,Baton Rouge,LA,2026-07-15,False,32,5,26,0.0,0.0,0.0,,n/a,170000.0
rZ7HnEZ1AfxFGK,"Haute & Freddy — Thalia Hall, Chicago ($0 fcst $0?)",Haute & Freddy,*SOLD OUT* Haute & Freddy - Lollapalooza Aftershow with Valencia Grace,Thalia Hall,Chicago,IL,2026-07-31,False,48,5,26,0.0,0.0,0.0,,n/a,61400.0
rZ7HnEZ1AfFMv0,"Porch Light — Valley Bar, Phoenix ($0 fcst $16?)",Porch Light,PORCH LIGHT : HUSH TOUR,Valley Bar,Phoenix,AZ,2026-09-25,False,26,6,25,0.0,0.0,15.516767481095796,,n/a,29200.0
rZ7HnEZ1AfFzFV,"Porch Light — The Basement East, Nashville ($0 fcst $12?)",Porch Light,Porch Light - Hush Tour,The Basement East,Nashville,TN,2026-10-27,False,26,6,25,0.0,0.0,11.946533279811375,,n/a,29200.0
rZ7HnEZ1Af7x8V,"Joe Russo's Almost Dead — Quarry Amphitheater, Santa Cruz ($0 fcst $0?)",Joe Russo's Almost Dead,Joe Russo’s Almost Dead,Quarry Amphitheater,Santa Cruz,CA,2026-08-01,False,49,4,27,0.0,0.0,0.0,,n/a,9050.0
rZ7HnEZ1AfaaG7,"Thundercat — FIVE, Jacksonville ($0 fcst $4?)",Thundercat,Thundercat: Distracted AF Tour,FIVE,Jacksonville,FL,2026-10-06,False,26,5,25,0.0,0.0,3.677565375208293,,n/a,376000.0
rZ7HnEZ1AfPe7d,"Lauren Watkins — The Grainery , Plain City ($0 fcst $0?)",Lauren Watkins,Lauren Watkins at The Grainery Live!,The Grainery ,Plain City,OH,2026-09-24,False,25,5,25,0.0,0.0,0.0,,n/a,14500.0
rZ7HnEZ1AfaFf7,"Improvement Movement — Tractor, Seattle ($0 fcst $14?)",Improvement Movement,Improvement Movement w/ Adron,Tractor,Seattle,WA,2026-11-05,False,26,5,25,0.0,0.0,13.64452211147493,,n/a,3530.0
rZ7HnEZ1Afa9Z7,"Improvement Movement — The Basement, Nashville ($0 fcst $16?)",Improvement Movement,Improvement Movement - Your Perfect Real LIVE '26 w/ The Point,The Basement,Nashville,TN,2026-10-09,False,26,5,25,0.0,0.0,16.011519275535345,,n/a,3530.0
rZ7HnEZ1Afap-V,"Improvement Movement — Empty Bottle, Chicago ($0 fcst $14?)",Improvement Movement,Improvement Movement / Jalen Reyes,Empty Bottle,Chicago,IL,2026-11-12,False,26,5,25,0.0,0.0,13.97626803348235,,n/a,3530.0
rZ7HnEZ1AfaaGV,"Improvement Movement — The Loving Touch, Ferndale ($0 fcst $14?)",Improvement Movement,Kickstand Productions Presents Improvement Movement - Your Perfect Real LIVE '26,The Loving Touch,Ferndale,MI,2026-09-19,False,26,5,25,0.0,0.0,14.111810009296699,,n/a,3530.0
rZ7HnEZ1AfxfFS,"Underoath — The Wooly, Gainesville ($0 fcst $0?)",Underoath,Underoath: The Van Tour to Vans Warped Tour in Gainesville,The Wooly,Gainesville,FL,2026-07-13,False,30,5,24,0.0,0.0,0.0,,n/a,170000.0
rZ7HnEZ1Af_zfN,"Amble — Skully's Music Diner, Columbus ($0 fcst $0?)",Amble,Amble,Skully's Music Diner,Columbus,OH,2026-07-29,False,46,4,25,0.0,0.0,0.0,,n/a,31800.0
rZ7HnEZ1Afa780,"vaultboy — Middle East - Upstairs, Cambridge ($0 fcst $4?)",vaultboy,ARE YOU EVER COMING BACK? TOUR,Middle East - Upstairs,Cambridge,MA,2026-11-11,False,32,5,23,0.0,0.0,3.941276508041049,,n/a,447000.0
rZ7HnEZ1Af_VGK,"Amble — Beachland Ballroom, Cleveland ($0 fcst $0?)",Amble,"Amble, Fabrizio",Beachland Ballroom,Cleveland,OH,2026-07-28,False,45,4,24,0.0,0.0,0.0,,n/a,31800.0
rZ7HnEZ1Afa7kf,"Juice — SLO Brew Rock, San Luis Obispo ($0 fcst $0?)",Juice,Juice,SLO Brew Rock,San Luis Obispo,CA,2026-10-15,False,27,2,26,0.0,0.0,0.0,,n/a,17300.0
rZ7HnEZ1AfF_fV,"Juice — The Basement East, Nashville ($0 fcst $0?)",Juice,Juice,The Basement East,Nashville,TN,2026-10-01,False,27,2,26,0.0,0.0,0.0,,n/a,17300.0
rZ7HnEZ1AfxFAS,"Audrey Hobert — Thalia Hall, Chicago ($0 fcst $0?)",Audrey Hobert,*SOLD OUT* Audrey Hobert - Lollapalooza Aftershow,Thalia Hall,Chicago,IL,2026-07-29,False,46,4,23,0.0,0.0,0.0,,n/a,66300.0
rZ7HnEZ1Afa7-7,"Saint Levant — SOMA - Mainstage, San Diego ($0 fcst $10?)",Saint Levant,SAINT LEVANT - AFANDI WORLD TOUR,SOMA - Mainstage,San Diego,CA,2026-10-15,False,23,5,19,0.0,0.0,10.135589194203831,,n/a,763000.0
rZ7HnEZ1AfPz8d,"Oliver Hazard — Valley Bar, Phoenix ($0 fcst $0?)",Oliver Hazard,OLIVER HAZARD - THE WATERVILLE TOUR,Valley Bar,Phoenix,AZ,2026-12-12,False,51,2,22,0.0,0.0,0.0,,n/a,5420.0
rZ7HnEZ1AfFb87,"Matthew Dear — Club Vinyl, Denver ($0 fcst $0?)",Matthew Dear,Matthew Dear b2b Juan Maclean,Club Vinyl,Denver,CO,2026-07-18,False,21,18,6,0.0,0.0,0.0,,n/a,4310.0
rZ7HnEZ1Afa0r7,"Suicide Silence — Cargo Concert Hall, Reno ($0 fcst $0?)",Suicide Silence,Suicide Silence: REMINDERS OF HELL TOUR,Cargo Concert Hall,Reno,NV,2026-12-11,False,19,5,18,0.0,0.0,0.0,,n/a,379000.0
rZ7HnEZ1Afvbu7,"Diggy Graves — Bottom Lounge, Chicago ($0 fcst $0?)",Diggy Graves,Diggy Graves – The No Vacancy Tour,Bottom Lounge,Chicago,IL,2026-08-15,False,56,3,20,0.0,0.0,0.0,,n/a,333000.0
rZ7HnEZ1Afxpud,"Sevendust — Wendell's Outdoors, Anderson ($0 fcst $0?)",Sevendust,Sevendust & Theory of a Deadman: The Dead / Seven Tour,Wendell's Outdoors,Anderson,SC,2026-09-04,False,56,2,21,0.0,0.0,0.0,,n/a,256000.0
rZ7HnEZ1AfadG7,"Candlebox — FIVE, Jacksonville ($0 fcst $0?)",Candlebox,"Candlebox – Can’t Quit You Tour, Fall 2026",FIVE,Jacksonville,FL,2026-10-13,False,26,5,18,0.0,0.0,0.0,,n/a,242000.0
rZ7HnEZ1Af0P7d,"In Her Own Words — Strummer's, Fresno ($0 fcst $0?)",In Her Own Words,"In Her Own Words, Every Avenue, Felicity",Strummer's,Fresno,CA,2026-10-03,False,56,5,18,0.0,0.0,0.0,,n/a,8460.0
rZ7HnEZ1Af0EGd,"feeble little horse — Crowbar, Tampa ($0 fcst $0?)",feeble little horse,feeble little horse - bitknot tour in Tampa,Crowbar,Tampa,FL,2026-07-15,False,32,2,21,0.0,0.0,0.0,,n/a,6380.0
rZ7HnEZ1AfaNaV,"After — Crescent Ballroom, Phoenix ($0 fcst $0?)",After,AFTER,Crescent Ballroom,Phoenix,AZ,2026-10-10,False,20,3,19,0.0,0.0,0.0,,n/a,376000.0
rZ7HnEZ1AfaO_V,"After — The Basement East, Nashville ($0 fcst $0?)",After,After,The Basement East,Nashville,TN,2026-10-18,False,20,3,19,0.0,0.0,0.0,,n/a,376000.0
rZ7HnEZ1AfqOoK,"Durand Bernarr — Blue Note Jazz Club, New York ($0 fcst $0?)",Durand Bernarr,Durand Bernarr,Blue Note Jazz Club,New York,NY,2026-06-18,False,24,5,16,0.0,0.0,0.0,,n/a,261000.0
rZ7HnEZ1AfqOoN,"Durand Bernarr — Blue Note Jazz Club, New York ($0 fcst $0?)",Durand Bernarr,Durand Bernarr,Blue Note Jazz Club,New York,NY,2026-06-18,False,24,5,16,0.0,0.0,0.0,,n/a,261000.0
rZ7HnEZ1AfqZeK,"Hatebreed — Tipitina's, New Orleans ($0 fcst $0?)",Hatebreed,Hatebreed,Tipitina's,New Orleans,LA,2026-07-09,False,26,7,13,0.0,0.0,0.0,,n/a,161000.0
rZ7HnEZ1Af-MGd,"OMNOM — Los Angeles State Historic Park: On The Promenade, Los Angeles ($0 fcst $0?)",OMNOM,"Day Trip feat. OMNOM, Marco Strous, SLAMM",Los Angeles State Historic Park: On The Promenade,Los Angeles,CA,2026-07-12,False,29,11,8,0.0,0.0,0.0,,n/a,5480000.0
rZ7HnEZ1Afaxx7,"AC/DC — Hard Rock Cafe Las Vegas, Las Vegas ($0 fcst $0?)",AC/DC,AC/DC PWR UP POP UP SHOP,Hard Rock Cafe Las Vegas,Las Vegas,NV,2026-08-01,False,18,1,17,0.0,0.0,0.0,,n/a,11700000.0
rZ7HnEZ1Af-Yad,"Toadies — Ventura Theater, Ventura ($0 fcst $0?)",Toadies,TOADIES - THE CHARMER TOUR,Ventura Theater,Ventura,CA,2026-10-03,False,56,4,14,0.0,0.0,0.0,,n/a,80700.0
rZ7HnEZ1Af-tjd,"Toadies — FIVE, Jacksonville ($0 fcst $0?)",Toadies,Toadies: The Charmer Tour,FIVE,Jacksonville,FL,2026-10-14,False,56,4,14,0.0,0.0,0.0,,n/a,80700.0
rZ7HnEZ1Afax-V,"AC/DC — Hard Rock Cafe Las Vegas, Las Vegas ($0 fcst $0?)",AC/DC,AC/DC PWR UP POP UP SHOP,Hard Rock Cafe Las Vegas,Las Vegas,NV,2026-07-31,False,17,1,16,0.0,0.0,0.0,,n/a,11700000.0
rZ7HnEZ1AfaeQ7,"The Aquabats! — Cargo Concert Hall, Reno ($0 fcst $0?)",The Aquabats!,"The Aquabats!, CJ RAMONE AND THE FAST MOVERS, sullvn",Cargo Concert Hall,Reno,NV,2026-10-02,False,26,4,12,0.0,0.0,0.0,,n/a,313000.0
rZ7HnEZ1Afa7a7,"The Aquabats! — Senator Theatre, Chico ($0 fcst $0?)",The Aquabats!,"The Aquabats!, CJ RAMONE AND THE FAST MOVERS, sullvn",Senator Theatre,Chico,CA,2026-10-01,False,26,4,12,0.0,0.0,0.0,,n/a,313000.0
rZ7HnEZ1Af0o_d,"Devon Gilfillian — The Basement East, Nashville ($0 fcst $0?)",Devon Gilfillian,Devon Gilfillian Time Will Tell Tour,The Basement East,Nashville,TN,2026-11-12,False,12,4,12,0.0,0.0,0.0,,n/a,17100.0
rZ7HnEZ1Af-6fS,"Bone Thugs-N-Harmony — The Arrow Room, Rancho Cucamonga ($0 fcst $0?)",Bone Thugs-N-Harmony,Bone Thugs-N-Harmony,The Arrow Room,Rancho Cucamonga,CA,2026-07-11,False,28,2,13,0.0,0.0,0.0,,n/a,2100000.0
rZ7HnEZ1AfZd17,"Jeremy Camp — Marathon Park, Wausau ($0 fcst $0?)",Jeremy Camp,Hope in the Park,Marathon Park,Wausau,WI,2026-08-30,False,56,2,13,0.0,0.0,0.0,,n/a,662000.0
rZ7HnEZ1AfaZPV,"The Amity Affliction — Cargo Concert Hall, Reno ($0 fcst $0?)",The Amity Affliction,The Amity Affliction: HOUSE OF CARDS 2026,Cargo Concert Hall,Reno,NV,2026-11-23,False,26,3,12,0.0,0.0,0.0,,n/a,440000.0
rZ7HnEZ1AfaYuf,"The Story So Far — SOMA - Mainstage, San Diego ($0 fcst $0?)",The Story So Far,The Story So Far,SOMA - Mainstage,San Diego,CA,2026-11-06,False,13,4,11,0.0,0.0,0.0,,n/a,67400.0
rZ7HnEZ1AfagF7,"Joy Oladokun — Howard Theatre, Washington ($0 fcst $0?)",Joy Oladokun,Joy Oladokun: The Heavy Things Tour,Howard Theatre,Washington,DC,2026-11-13,False,13,3,12,0.0,0.0,0.0,,n/a,63700.0
rZ7HnEZ1AfJ8oK,"The California Honeydrops — The Historic Ashland Armory, Ashland  ($0 fcst $0?)",The California Honeydrops,THE CALIFORNIA HONEYDROPS - SWEET LIKE THAT TOUR 2026,The Historic Ashland Armory,Ashland ,OR,2026-11-17,False,12,4,11,0.0,0.0,0.0,,n/a,20800.0
rZ7HnEZ1AfrZqd,"Cheekface — The Pyramid Scheme, Grand Rapids ($0 fcst $0?)",Cheekface,Cheekface + Apes of the State,The Pyramid Scheme,Grand Rapids,MI,2026-09-25,False,56,2,13,0.0,0.0,0.0,,n/a,7980.0
rZ7HnEZ1AfO88S,"Cheekface — Off Broadway, Saint Louis ($0 fcst $0?)",Cheekface,Cheekface,Off Broadway,Saint Louis,MO,2026-10-07,False,56,2,13,0.0,0.0,0.0,,n/a,7980.0
rZ7HnEZ1AfOFoK,"Cheekface — Gasa Gasa, New Orleans ($0 fcst $0?)",Cheekface,Cheekface w/ special guest Catbite,Gasa Gasa,New Orleans,LA,2026-08-31,False,56,2,13,0.0,0.0,0.0,,n/a,7980.0
rZ7HnEZ1Afqo0S,"Futurebirds — Tractor, Seattle ($0 fcst $0?)",Futurebirds,Futurebirds - Far Out Country Tour w/ Deloyde Elze,Tractor,Seattle,WA,2026-07-22,False,39,3,12,0.0,0.0,0.0,,n/a,4780.0
rZ7HnEZ1Afx7pK,"Oliver Tree — Quarry Amphitheater, Santa Cruz ($0 fcst $2?)",Oliver Tree,Oliver Tree,Quarry Amphitheater,Santa Cruz,CA,2026-08-21,False,24,1,13,0.0,0.0,1.860309441772582,,n/a,10300000.0
rZ7HnEZ1Afx6ad,"Oliver Tree — Marathon Music Works, Nashville ($0 fcst $9?)",Oliver Tree,"OLIVER TREE – LOVE YOU MADLY, HATE YOU BADLY WORLD’S FIRST WORLD TOUR",Marathon Music Works,Nashville,TN,2026-07-28,False,24,1,13,0.0,0.0,9.137913873874668,,n/a,10300000.0
rZ7HnEZ1Afax_f,"Christone ""Kingfish"" Ingram — The Signal - Concert Hall, Chattanooga ($0 fcst $0?)","Christone ""Kingfish"" Ingram",Christone “Kingfish” Ingram - The Hard Road Tour,The Signal - Concert Hall,Chattanooga,TN,2026-11-12,False,20,2,12,0.0,0.0,0.0,,n/a,104000.0
rZ7HnEZ1AfJ9uN,"Ravyn Lenae — Vinyl + Thread, Brooklyn ($0 fcst $0?)",Ravyn Lenae,Ravyn Lenae : Blue Island In Store Album Signing,Vinyl + Thread,Brooklyn,NY,2026-08-08,False,10,2,10,0.0,0.0,0.0,,n/a,289000.0
rZ7HnEZ1AfxAuN,"Belmont — Off Broadway, Saint Louis ($0 fcst $0?)",Belmont,Belmont -  Performing 10 Years of Between You and Me,Off Broadway,Saint Louis,MO,2026-07-21,False,38,4,7,0.0,0.0,0.0,,n/a,6070.0
rZ7HnEZ1AfJvkK,"American Aquarium — Knitting Factory - Boise, Boise ($0 fcst $0?)",American Aquarium,American Aquarium,Knitting Factory - Boise,Boise,ID,2026-09-22,False,55,1,8,0.0,0.0,0.0,,n/a,13500.0
rZ7HnEZ1AfkKJf,"American Aquarium — Chickie Wah Wah, New Orleans ($0 fcst $0?)",American Aquarium,American Aquarium,Chickie Wah Wah,New Orleans,LA,2026-12-02,False,55,1,8,0.0,0.0,0.0,,n/a,13500.0
rZ7HnEZ1Afk3x7,"American Aquarium — Rumba Cafe, Columbus ($0 fcst $0?)",American Aquarium,American Aquarium,Rumba Cafe,Columbus,OH,2026-10-30,False,55,1,8,0.0,0.0,0.0,,n/a,13500.0
rZ7HnEZ1AfaVC7,"Gimme Gimme Disco — Lincoln's Beard, Miami ($0 fcst $0?)",Gimme Gimme Disco,Gimme Gimme Disco in Miami,Lincoln's Beard,Miami,FL,2026-10-02,False,5,3,5,0.0,0.0,0.0,,n/a,2570.0
rZ7HnEZ1Afa0G7,"Vox Rea — Thalia Hall, Chicago ($0 fcst $3?)",Vox Rea,New Constellations: It Comes In Waves Tour with Vox Rea,Thalia Hall,Chicago,IL,2026-11-01,False,6,2,6,0.0,0.0,3.259827194570997,,n/a,1500.0
rZ7HnEZ1Af7sPV,"Los Lobos — FITZGERALDS PATIO, Berwyn ($0 fcst $0?)",Los Lobos,LOS LOBOS at FITZGERALDS Outdoors with special guest JONAH SMITH **Second Show Added!,FITZGERALDS PATIO,Berwyn,IL,2026-07-11,False,28,3,4,0.0,0.0,0.0,,n/a,172000.0
rZ7HnEZ1Afe3a7,"Los Lobos — FITZGERALDS PATIO, Berwyn ($0 fcst $0?)",Los Lobos,LOS LOBOS at FITZGERALDS Outdoors,FITZGERALDS PATIO,Berwyn,IL,2026-07-10,False,27,3,3,0.0,0.0,0.0,,n/a,172000.0
rZ7HnEZ1AfP01K,"The War and Treaty — The Crocodile, Seattle ($0 fcst $0?)",The War and Treaty,The War and Treaty,The Crocodile,Seattle,WA,2026-10-21,False,13,1,5,0.0,0.0,0.0,,n/a,48800.0
rZ7HnEZ1AfOOfN,"White Denim — Moe's Alley, Santa Cruz ($0 fcst $0?)",White Denim,(((folkYEAH!))) Presents - White Denim w/ Arc Iris,Moe's Alley,Santa Cruz,CA,2026-07-13,False,30,1,4,0.0,0.0,0.0,,n/a,12800.0
rZ7HnEZ1AfFMpf,"Chris Botti — Blue Note Jazz Club, New York ($0 fcst $0?)",Chris Botti,Chris Botti,Blue Note Jazz Club,New York,NY,2026-12-11,False,31,1,3,0.0,0.0,0.0,,n/a,107000.0
rZ7HnEZ1AfFM-f,"Chris Botti — Blue Note Jazz Club, New York ($0 fcst $0?)",Chris Botti,Chris Botti,Blue Note Jazz Club,New York,NY,2026-12-20,False,31,1,3,0.0,0.0,0.0,,n/a,107000.0
rZ7HnEZ1AfFM0V,"Chris Botti — Blue Note Jazz Club, New York ($0 fcst $0?)",Chris Botti,Chris Botti,Blue Note Jazz Club,New York,NY,2026-12-15,False,31,1,3,0.0,0.0,0.0,,n/a,107000.0
rZ7HnEZ1AfFMJf,"Chris Botti — Blue Note Jazz Club, New York ($0 fcst $0?)",Chris Botti,Chris Botti,Blue Note Jazz Club,New York,NY,2026-12-14,False,31,1,3,0.0,0.0,0.0,,n/a,107000.0
rZ7HnEZ1AfFMQ7,"Chris Botti — Blue Note Jazz Club, New York ($0 fcst $0?)",Chris Botti,Chris Botti,Blue Note Jazz Club,New York,NY,2027-01-02,False,31,1,3,0.0,0.0,0.0,,n/a,107000.0
rZ7HnEZ1AfFM_7,"Chris Botti — Blue Note Jazz Club, New York ($0 fcst $0?)",Chris Botti,Chris Botti,Blue Note Jazz Club,New York,NY,2027-01-02,False,31,1,3,0.0,0.0,0.0,,n/a,107000.0
rZ7HnEZ1AfFM00,"Chris Botti — Blue Note Jazz Club, New York ($0 fcst $0?)",Chris Botti,Chris Botti,Blue Note Jazz Club,New York,NY,2026-12-14,False,31,1,3,0.0,0.0,0.0,,n/a,107000.0
rZ7HnEZ1AfFMjf,"Chris Botti — Blue Note Jazz Club, New York ($0 fcst $0?)",Chris Botti,Chris Botti,Blue Note Jazz Club,New York,NY,2026-12-23,False,31,1,3,0.0,0.0,0.0,,n/a,107000.0
rZ7HnEZ1AfFMb7,"Chris Botti — Blue Note Jazz Club, New York ($0 fcst $0?)",Chris Botti,Chris Botti,Blue Note Jazz Club,New York,NY,2026-12-30,False,31,1,3,0.0,0.0,0.0,,n/a,107000.0
rZ7HnEZ1AfFMjV,"Chris Botti — Blue Note Jazz Club, New York ($0 fcst $0?)",Chris Botti,Chris Botti,Blue Note Jazz Club,New York,NY,2026-12-24,False,31,1,3,0.0,0.0,0.0,,n/a,107000.0
rZ7HnEZ1AfFMPV,"Chris Botti — Blue Note Jazz Club, New York ($0 fcst $0?)",Chris Botti,Chris Botti,Blue Note Jazz Club,New York,NY,2026-12-16,False,31,1,3,0.0,0.0,0.0,,n/a,107000.0
rZ7HnEZ1AfFM47,"Chris Botti — Blue Note Jazz Club, New York ($0 fcst $0?)",Chris Botti,Chris Botti,Blue Note Jazz Club,New York,NY,2026-12-19,False,31,1,3,0.0,0.0,0.0,,n/a,107000.0
rZ7HnEZ1AfFMfV,"Chris Botti — Blue Note Jazz Club, New York ($0 fcst $0?)",Chris Botti,Chris Botti,Blue Note Jazz Club,New York,NY,2026-12-19,False,31,1,3,0.0,0.0,0.0,,n/a,107000.0
rZ7HnEZ1AfFM40,"Chris Botti — Blue Note Jazz Club, New York ($0 fcst $0?)",Chris Botti,Chris Botti,Blue Note Jazz Club,New York,NY,2026-12-18,False,31,1,3,0.0,0.0,0.0,,n/a,107000.0
rZ7HnEZ1AfFzZV,"Chris Botti — Blue Note Jazz Club, New York ($0 fcst $0?)",Chris Botti,Chris Botti,Blue Note Jazz Club,New York,NY,2026-12-15,False,31,1,3,0.0,0.0,0.0,,n/a,107000.0
rZ7HnEZ1AfFMP7,"Chris Botti — Blue Note Jazz Club, New York ($0 fcst $0?)",Chris Botti,Chris Botti,Blue Note Jazz Club,New York,NY,2026-12-22,False,31,1,3,0.0,0.0,0.0,,n/a,107000.0
rZ7HnEZ1AfFzvV,"Chris Botti — Blue Note Jazz Club, New York ($0 fcst $0?)",Chris Botti,Chris Botti,Blue Note Jazz Club,New York,NY,2026-12-29,False,31,1,3,0.0,0.0,0.0,,n/a,107000.0
rZ7HnEZ1AfFMb0,"Chris Botti — Blue Note Jazz Club, New York ($0 fcst $0?)",Chris Botti,Chris Botti,Blue Note Jazz Club,New York,NY,2027-01-01,False,31,1,3,0.0,0.0,0.0,,n/a,107000.0
rZ7HnEZ1AfFzZf,"Chris Botti — Blue Note Jazz Club, New York ($0 fcst $0?)",Chris Botti,Chris Botti,Blue Note Jazz Club,New York,NY,2026-12-21,False,31,1,3,0.0,0.0,0.0,,n/a,107000.0
rZ7HnEZ1AfFMOf,"Chris Botti — Blue Note Jazz Club, New York ($0 fcst $0?)",Chris Botti,Chris Botti,Blue Note Jazz Club,New York,NY,2027-01-03,False,31,1,3,0.0,0.0,0.0,,n/a,107000.0
rZ7HnEZ1AfFz7f,"Chris Botti — Blue Note Jazz Club, New York ($0 fcst $0?)",Chris Botti,Chris Botti,Blue Note Jazz Club,New York,NY,2026-12-31,False,31,1,3,0.0,0.0,0.0,,n/a,107000.0
rZ7HnEZ1AfFM-7,"Chris Botti — Blue Note Jazz Club, New York ($0 fcst $0?)",Chris Botti,Chris Botti,Blue Note Jazz Club,New York,NY,2026-12-20,False,31,1,3,0.0,0.0,0.0,,n/a,107000.0
rZ7HnEZ1AfFM4V,"Chris Botti — Blue Note Jazz Club, New York ($0 fcst $0?)",Chris Botti,Chris Botti,Blue Note Jazz Club,New York,NY,2026-12-18,False,31,1,3,0.0,0.0,0.0,,n/a,107000.0
rZ7HnEZ1AfFMOV,"Chris Botti — Blue Note Jazz Club, New York ($0 fcst $0?)",Chris Botti,Chris Botti,Blue Note Jazz Club,New York,NY,2027-01-03,False,31,1,3,0.0,0.0,0.0,,n/a,107000.0
rZ7HnEZ1AfFMQf,"Chris Botti — Blue Note Jazz Club, New York ($0 fcst $0?)",Chris Botti,Chris Botti,Blue Note Jazz Club,New York,NY,2026-12-28,False,31,1,3,0.0,0.0,0.0,,n/a,107000.0
rZ7HnEZ1AfFzv0,"Chris Botti — Blue Note Jazz Club, New York ($0 fcst $0?)",Chris Botti,Chris Botti,Blue Note Jazz Club,New York,NY,2026-12-30,False,31,1,3,0.0,0.0,0.0,,n/a,107000.0
rZ7HnEZ1AfFM-0,"Chris Botti — Blue Note Jazz Club, New York ($0 fcst $0?)",Chris Botti,Chris Botti,Blue Note Jazz Club,New York,NY,2026-12-27,False,31,1,3,0.0,0.0,0.0,,n/a,107000.0
rZ7HnEZ1AfFM_f,"Chris Botti — Blue Note Jazz Club, New York ($0 fcst $0?)",Chris Botti,Chris Botti,Blue Note Jazz Club,New York,NY,2026-12-29,False,31,1,3,0.0,0.0,0.0,,n/a,107000.0
rZ7HnEZ1AfFMbf,"Chris Botti — Blue Note Jazz Club, New York ($0 fcst $0?)",Chris Botti,Chris Botti,Blue Note Jazz Club,New York,NY,2026-12-26,False,31,1,3,0.0,0.0,0.0,,n/a,107000.0
rZ7HnEZ1AfFM_V,"Chris Botti — Blue Note Jazz Club, New York ($0 fcst $0?)",Chris Botti,Chris Botti,Blue Note Jazz Club,New York,NY,2026-12-26,False,31,1,3,0.0,0.0,0.0,,n/a,107000.0
rZ7HnEZ1AfFMf0,"Chris Botti — Blue Note Jazz Club, New York ($0 fcst $0?)",Chris Botti,Chris Botti,Blue Note Jazz Club,New York,NY,2026-12-25,False,31,1,3,0.0,0.0,0.0,,n/a,107000.0
rZ7HnEZ1AfFMJ7,"Chris Botti — Blue Note Jazz Club, New York ($0 fcst $0?)",Chris Botti,Chris Botti,Blue Note Jazz Club,New York,NY,2026-12-16,False,31,1,3,0.0,0.0,0.0,,n/a,107000.0
rZ7HnEZ1AfFMj0,"Chris Botti — Blue Note Jazz Club, New York ($0 fcst $0?)",Chris Botti,Chris Botti,Blue Note Jazz Club,New York,NY,2026-12-24,False,31,1,3,0.0,0.0,0.0,,n/a,107000.0
rZ7HnEZ1AfFMP0,"Chris Botti — Blue Note Jazz Club, New York ($0 fcst $0?)",Chris Botti,Chris Botti,Blue Note Jazz Club,New York,NY,2026-12-21,False,31,1,3,0.0,0.0,0.0,,n/a,107000.0
rZ7HnEZ1AfFM_0,"Chris Botti — Blue Note Jazz Club, New York ($0 fcst $0?)",Chris Botti,Chris Botti,Blue Note Jazz Club,New York,NY,2027-01-01,False,31,1,3,0.0,0.0,0.0,,n/a,107000.0
rZ7HnEZ1AfFMj7,"Chris Botti — Blue Note Jazz Club, New York ($0 fcst $0?)",Chris Botti,Chris Botti,Blue Note Jazz Club,New York,NY,2026-12-10,False,31,1,3,0.0,0.0,0.0,,n/a,107000.0
rZ7HnEZ1AfFzvf,"Chris Botti — Blue Note Jazz Club, New York ($0 fcst $0?)",Chris Botti,Chris Botti,Blue Note Jazz Club,New York,NY,2026-12-28,False,31,1,3,0.0,0.0,0.0,,n/a,107000.0
rZ7HnEZ1AfFzZ0,"Chris Botti — Blue Note Jazz Club, New York ($0 fcst $0?)",Chris Botti,Chris Botti,Blue Note Jazz Club,New York,NY,2026-12-17,False,31,1,3,0.0,0.0,0.0,,n/a,107000.0
rZ7HnEZ1AfFzZ7,"Chris Botti — Blue Note Jazz Club, New York ($0 fcst $0?)",Chris Botti,Chris Botti,Blue Note Jazz Club,New York,NY,2026-12-17,False,31,1,3,0.0,0.0,0.0,,n/a,107000.0
rZ7HnEZ1AfFMPf,"Chris Botti — Blue Note Jazz Club, New York ($0 fcst $0?)",Chris Botti,Chris Botti,Blue Note Jazz Club,New York,NY,2026-12-22,False,31,1,3,0.0,0.0,0.0,,n/a,107000.0
rZ7HnEZ1AfFMbV,"Chris Botti — Blue Note Jazz Club, New York ($0 fcst $0?)",Chris Botti,Chris Botti,Blue Note Jazz Club,New York,NY,2026-12-25,False,31,1,3,0.0,0.0,0.0,,n/a,107000.0
rZ7HnEZ1AfFMq7,"Chris Botti — Blue Note Jazz Club, New York ($0 fcst $0?)",Chris Botti,Chris Botti,Blue Note Jazz Club,New York,NY,2026-12-23,False,31,1,3,0.0,0.0,0.0,,n/a,107000.0
rZ7HnEZ1AfFMff,"Chris Botti — Blue Note Jazz Club, New York ($0 fcst $0?)",Chris Botti,Chris Botti,Blue Note Jazz Club,New York,NY,2026-12-11,False,31,1,3,0.0,0.0,0.0,,n/a,107000.0
rZ7HnEZ1AfFMO7,"Chris Botti — Blue Note Jazz Club, New York ($0 fcst $0?)",Chris Botti,Chris Botti,Blue Note Jazz Club,New York,NY,2026-12-13,False,31,1,3,0.0,0.0,0.0,,n/a,107000.0
rZ7HnEZ1AfFM4f,"Chris Botti — Blue Note Jazz Club, New York ($0 fcst $0?)",Chris Botti,Chris Botti,Blue Note Jazz Club,New York,NY,2026-12-12,False,31,1,3,0.0,0.0,0.0,,n/a,107000.0
rZ7HnEZ1AfFMO0,"Chris Botti — Blue Note Jazz Club, New York ($0 fcst $0?)",Chris Botti,Chris Botti,Blue Note Jazz Club,New York,NY,2026-12-27,False,31,1,3,0.0,0.0,0.0,,n/a,107000.0
rZ7HnEZ1AfFMp7,"Chris Botti — Blue Note Jazz Club, New York ($0 fcst $0?)",Chris Botti,Chris Botti,Blue Note Jazz Club,New York,NY,2026-12-12,False,31,1,3,0.0,0.0,0.0,,n/a,107000.0
rZ7HnEZ1AfFMf7,"Chris Botti — Blue Note Jazz Club, New York ($0 fcst $0?)",Chris Botti,Chris Botti,Blue Note Jazz Club,New York,NY,2026-12-10,False,31,1,3,0.0,0.0,0.0,,n/a,107000.0
rZ7HnEZ1AfFzef,"Chris Botti — Blue Note Jazz Club, New York ($0 fcst $0?)",Chris Botti,Chris Botti,Blue Note Jazz Club,New York,NY,2026-12-31,False,31,1,3,0.0,0.0,0.0,,n/a,107000.0
rZ7HnEZ1AfFM-V,"Chris Botti — Blue Note Jazz Club, New York ($0 fcst $0?)",Chris Botti,Chris Botti,Blue Note Jazz Club,New York,NY,2026-12-13,False,31,1,3,0.0,0.0,0.0,,n/a,107000.0
rZ7HnEZ1AfjMrd,"Haute & Freddy — Music Box, San Diego ($0 fcst $0?)",Haute & Freddy,Haute & Freddy’s Big Disgrace Tour,Music Box,San Diego,CA,2026-06-16,False,24,2,2,0.0,0.0,0.0,,n/a,59700.0
rZ7HnEZ1AfqeZd,"Haute & Freddy — Crescent Ballroom, Phoenix ($0 fcst $0?)",Haute & Freddy,HAUTE & FREDDY'S BIG DISGRACE TOUR,Crescent Ballroom,Phoenix,AZ,2026-06-15,False,24,2,2,0.0,0.0,0.0,,n/a,59700.0
